Data,Transportadora,Tipo de Risco,Nível de Criticidade,Modal Afetado,Região,Custo Associado (R$),Rota/Local Crítico
2025-01-01,Mercúrio,Climático,Alto,Rodoviário,Nordeste,40604,Outra Nordeste
2025-01-01,JSL,Roubo,Médio,Rodoviário,Sul,20060,Outra Sul
2025-01-01,Tegma,Roubo,Alto,Rodoviário,Sudeste,13870,Outra Sudeste
2025-01-01,Mercúrio,Climático,Alto,Rodoviário,Centro-Oeste,27975,Outra Centro-Oeste
2025-01-01,Mercúrio,Climático,Alto,Rodoviário,Sudeste,30205,Aeroporto de Guarulhos (GRU)
2025-01-01,Rumo,Climático,Baixo,Ferroviário,Norte,11067,Outra Norte
2025-01-02,Rumo,Greve,Baixo,Ferroviário,Sudeste,25970,BR-040 (RJ-MG)
2025-01-02,JSL,Climático,Médio,Rodoviário,Sudeste,51126,Porto de Santos (SP)
2025-01-02,Mercúrio,Operacional,Alto,Rodoviário,Centro-Oeste,36905,Outra Centro-Oeste
2025-01-02,Brado,Acidente,Baixo,Ferroviário,Sudeste,7541,Porto de Santos (SP)
2025-01-02,Tegma,Operacional,Baixo,Rodoviário,Sudeste,20200,BR-040 (RJ-MG)
2025-01-03,Rumo,Roubo,Médio,Ferroviário,Sudeste,33757,Porto de Santos (SP)
2025-01-03,LATAM Cargo,Operacional,Alto,Aéreo,Sudeste,55033,Porto de Santos (SP)
2025-01-03,Tegma,Climático,Alto,Rodoviário,Sudeste,226657,Outra Sudeste
2025-01-03,Mercúrio,Operacional,Médio,Rodoviário,Norte,81293,Outra Norte
2025-01-03,LATAM Cargo,Acidente,Médio,Aéreo,Sudeste,32714,Porto de Santos (SP)
2025-01-03,Rumo,Acidente,Baixo,Ferroviário,Centro-Oeste,52165,Outra Centro-Oeste
2025-01-03,Rumo,Roubo,Médio,Ferroviário,Sul,19587,BR-116 (PR-SC)
2025-01-03,Rumo,Operacional,Baixo,Ferroviário,Sudeste,26095,Outra Sudeste
2025-01-03,JSL,Climático,Baixo,Rodoviário,Sul,6098,BR-116 (PR-SC)
2025-01-03,Mercúrio,Roubo,Alto,Rodoviário,Sudeste,56203,Porto de Santos (SP)
2025-01-04,Tegma,Acidente,Baixo,Rodoviário,Sudeste,41266,Porto de Santos (SP)
2025-01-04,Mercúrio,Roubo,Alto,Rodoviário,Sudeste,86867,Porto de Santos (SP)
2025-01-04,Mercúrio,Climático,Médio,Rodoviário,Centro-Oeste,27434,Outra Centro-Oeste
2025-01-04,Rumo,Operacional,Alto,Ferroviário,Sudeste,151171,BR-040 (RJ-MG)
2025-01-04,Rumo,Greve,Baixo,Ferroviário,Sudeste,24043,Porto de Santos (SP)
2025-01-04,Rumo,Greve,Alto,Ferroviário,Sudeste,27556,Outra Sudeste
2025-01-04,Mercúrio,Climático,Médio,Rodoviário,Sudeste,47001,Outra Sudeste
2025-01-04,Rumo,Climático,Médio,Ferroviário,Sul,126743,Outra Sul
2025-01-04,LATAM Cargo,Climático,Baixo,Aéreo,Sudeste,14177,Outra Sudeste
2025-01-04,JSL,Operacional,Baixo,Rodoviário,Sudeste,29525,Aeroporto de Guarulhos (GRU)
2025-01-04,Brado,Roubo,Baixo,Ferroviário,Sudeste,11476,Porto de Santos (SP)
2025-01-05,Rumo,Roubo,Baixo,Ferroviário,Nordeste,87253,Outra Nordeste
2025-01-05,LATAM Cargo,Greve,Médio,Aéreo,Sudeste,102234,BR-040 (RJ-MG)
2025-01-05,LATAM Cargo,Roubo,Alto,Aéreo,Sudeste,173978,Aeroporto de Guarulhos (GRU)
2025-01-05,LATAM Cargo,Climático,Baixo,Aéreo,Sul,76848,Outra Sul
2025-01-05,JSL,Climático,Médio,Rodoviário,Sudeste,13490,Outra Sudeste
2025-01-05,Brado,Roubo,Baixo,Ferroviário,Sudeste,14727,Outra Sudeste
2025-01-05,Mercúrio,Roubo,Baixo,Rodoviário,Sudeste,73973,Porto de Santos (SP)
2025-01-05,Brado,Roubo,Médio,Ferroviário,Sudeste,79456,Porto de Santos (SP)
2025-01-05,LATAM Cargo,Climático,Baixo,Aéreo,Sudeste,24113,Porto de Santos (SP)
2025-01-05,LATAM Cargo,Climático,Médio,Aéreo,Sul,112593,Outra Sul
2025-01-05,Tegma,Roubo,Médio,Rodoviário,Sul,168762,Outra Sul
2025-01-06,Tegma,Operacional,Baixo,Rodoviário,Sudeste,16556,BR-040 (RJ-MG)
2025-01-06,JSL,Climático,Alto,Rodoviário,Sudeste,55630,BR-040 (RJ-MG)
2025-01-06,Mercúrio,Climático,Alto,Rodoviário,Sudeste,53100,Aeroporto de Guarulhos (GRU)
2025-01-06,LATAM Cargo,Roubo,Baixo,Aéreo,Sudeste,6924,BR-040 (RJ-MG)
2025-01-06,Brado,Roubo,Baixo,Ferroviário,Sudeste,13436,Outra Sudeste
2025-01-06,Brado,Roubo,Baixo,Rodoviário,Nordeste,35136,Outra Nordeste
2025-01-06,Mercúrio,Roubo,Baixo,Rodoviário,Sul,10750,Outra Sul
2025-01-06,LATAM Cargo,Climático,Baixo,Aéreo,Sudeste,79160,Outra Sudeste
2025-01-06,Mercúrio,Climático,Médio,Rodoviário,Sudeste,122417,Porto de Santos (SP)
2025-01-07,Brado,Roubo,Baixo,Ferroviário,Sudeste,38851,Porto de Santos (SP)
2025-01-07,Brado,Roubo,Médio,Ferroviário,Sudeste,33990,BR-040 (RJ-MG)
2025-01-07,Tegma,Roubo,Baixo,Rodoviário,Norte,15634,Outra Norte
2025-01-07,JSL,Climático,Alto,Rodoviário,Sul,149951,Outra Sul
2025-01-07,Rumo,Roubo,Alto,Ferroviário,Sul,76646,Outra Sul
2025-01-07,Mercúrio,Operacional,Alto,Rodoviário,Nordeste,40911,Outra Nordeste
2025-01-07,Mercúrio,Climático,Baixo,Rodoviário,Sudeste,70430,BR-040 (RJ-MG)
2025-01-08,JSL,Roubo,Alto,Rodoviário,Sudeste,28102,Porto de Santos (SP)
2025-01-08,Mercúrio,Operacional,Médio,Rodoviário,Sudeste,56968,BR-040 (RJ-MG)
2025-01-08,Mercúrio,Operacional,Alto,Rodoviário,Sudeste,36904,Outra Sudeste
2025-01-08,Rumo,Greve,Médio,Ferroviário,Sudeste,54013,Outra Sudeste
2025-01-09,LATAM Cargo,Greve,Baixo,Aéreo,Centro-Oeste,12829,Outra Centro-Oeste
2025-01-09,JSL,Acidente,Baixo,Rodoviário,Sudeste,18635,Porto de Santos (SP)
2025-01-09,JSL,Climático,Alto,Rodoviário,Sudeste,168354,Porto de Santos (SP)
2025-01-09,Rumo,Operacional,Médio,Ferroviário,Sudeste,18559,Aeroporto de Guarulhos (GRU)
2025-01-10,JSL,Roubo,Médio,Rodoviário,Sudeste,207066,BR-040 (RJ-MG)
2025-01-10,Brado,Roubo,Baixo,Ferroviário,Sudeste,72411,BR-040 (RJ-MG)
2025-01-10,Rumo,Operacional,Médio,Ferroviário,Sudeste,10967,BR-040 (RJ-MG)
2025-01-10,Tegma,Operacional,Médio,Rodoviário,Sudeste,37111,BR-040 (RJ-MG)
2025-01-10,Mercúrio,Roubo,Alto,Rodoviário,Nordeste,18569,Outra Nordeste
2025-01-10,LATAM Cargo,Operacional,Médio,Aéreo,Sudeste,25129,Porto de Santos (SP)
2025-01-10,Rumo,Roubo,Baixo,Ferroviário,Sul,25579,BR-116 (PR-SC)
2025-01-10,Rumo,Operacional,Baixo,Ferroviário,Norte,76518,Outra Norte
2025-01-10,Mercúrio,Roubo,Alto,Rodoviário,Sul,18257,BR-116 (PR-SC)
2025-01-10,Rumo,Climático,Alto,Ferroviário,Sudeste,40768,Porto de Santos (SP)
2025-01-10,Mercúrio,Climático,Baixo,Rodoviário,Norte,12957,Outra Norte
2025-01-11,Tegma,Operacional,Baixo,Rodoviário,Nordeste,103209,Outra Nordeste
2025-01-11,Tegma,Acidente,Médio,Rodoviário,Sul,85803,BR-116 (PR-SC)
2025-01-11,Mercúrio,Roubo,Baixo,Rodoviário,Sudeste,22406,Outra Sudeste
2025-01-11,Brado,Roubo,Baixo,Ferroviário,Nordeste,38564,Outra Nordeste
2025-01-11,Rumo,Roubo,Baixo,Ferroviário,Sudeste,18893,Outra Sudeste
2025-01-12,Mercúrio,Climático,Baixo,Rodoviário,Sul,101421,Outra Sul
2025-01-12,LATAM Cargo,Acidente,Alto,Aéreo,Sudeste,294987,Outra Sudeste
2025-01-12,Rumo,Roubo,Médio,Ferroviário,Nordeste,16967,Outra Nordeste
2025-01-12,Mercúrio,Acidente,Médio,Rodoviário,Sul,68528,Outra Sul
2025-01-12,JSL,Climático,Baixo,Rodoviário,Centro-Oeste,12522,Outra Centro-Oeste
2025-01-13,Brado,Roubo,Médio,Ferroviário,Sul,24700,Outra Sul
2025-01-13,Tegma,Operacional,Médio,Rodoviário,Sul,76352,BR-116 (PR-SC)
2025-01-13,LATAM Cargo,Roubo,Baixo,Aéreo,Centro-Oeste,24232,Outra Centro-Oeste
2025-01-13,Brado,Roubo,Médio,Ferroviário,Sudeste,26852,Porto de Santos (SP)
2025-01-13,Mercúrio,Climático,Baixo,Rodoviário,Sudeste,35524,Aeroporto de Guarulhos (GRU)
2025-01-13,Mercúrio,Operacional,Alto,Rodoviário,Sul,54308,Outra Sul
2025-01-13,Rumo,Roubo,Médio,Ferroviário,Nordeste,88424,Outra Nordeste
2025-01-13,Mercúrio,Acidente,Médio,Rodoviário,Sudeste,9404,Porto de Santos (SP)
2025-01-14,Rumo,Climático,Alto,Ferroviário,Sudeste,89910,Outra Sudeste
2025-01-14,Brado,Roubo,Alto,Ferroviário,Centro-Oeste,11510,Outra Centro-Oeste
2025-01-14,LATAM Cargo,Operacional,Médio,Aéreo,Sudeste,27985,Outra Sudeste
2025-01-14,JSL,Climático,Baixo,Rodoviário,Sudeste,34778,Aeroporto de Guarulhos (GRU)
2025-01-14,Mercúrio,Roubo,Baixo,Rodoviário,Sul,29286,Outra Sul
2025-01-14,Rumo,Climático,Alto,Ferroviário,Sudeste,65887,Porto de Santos (SP)
2025-01-14,Rumo,Operacional,Médio,Ferroviário,Sudeste,25837,Porto de Santos (SP)
2025-01-15,Brado,Roubo,Alto,Ferroviário,Sudeste,48828,Porto de Santos (SP)
2025-01-15,JSL,Climático,Baixo,Rodoviário,Centro-Oeste,45468,Outra Centro-Oeste
2025-01-15,Mercúrio,Operacional,Médio,Rodoviário,Sudeste,11915,BR-040 (RJ-MG)
2025-01-15,Mercúrio,Climático,Alto,Rodoviário,Centro-Oeste,53261,Outra Centro-Oeste
2025-01-15,Mercúrio,Climático,Baixo,Rodoviário,Nordeste,56361,Outra Nordeste
2025-01-15,Mercúrio,Climático,Médio,Rodoviário,Sul,20537,BR-116 (PR-SC)
2025-01-15,Rumo,Operacional,Baixo,Ferroviário,Sudeste,117289,Porto de Santos (SP)
2025-01-15,Mercúrio,Climático,Baixo,Rodoviário,Sudeste,25402,Outra Sudeste
2025-01-15,Rumo,Climático,Baixo,Ferroviário,Sudeste,50174,Outra Sudeste
2025-01-15,Mercúrio,Operacional,Baixo,Rodoviário,Sudeste,15198,Aeroporto de Guarulhos (GRU)
2025-01-16,Mercúrio,Operacional,Baixo,Rodoviário,Sudeste,6628,Porto de Santos (SP)
2025-01-16,Rumo,Climático,Baixo,Ferroviário,Nordeste,43987,Outra Nordeste
2025-01-16,Brado,Roubo,Baixo,Rodoviário,Nordeste,60479,Outra Nordeste
2025-01-16,JSL,Climático,Alto,Rodoviário,Sudeste,110942,Porto de Santos (SP)
2025-01-16,Mercúrio,Roubo,Baixo,Rodoviário,Sudeste,28380,Porto de Santos (SP)
2025-01-16,Rumo,Climático,Médio,Ferroviário,Sudeste,56903,BR-040 (RJ-MG)
2025-01-16,LATAM Cargo,Roubo,Alto,Aéreo,Sudeste,213166,BR-040 (RJ-MG)
2025-01-17,JSL,Climático,Alto,Rodoviário,Sudeste,103491,BR-040 (RJ-MG)
2025-01-17,Mercúrio,Climático,Médio,Rodoviário,Sudeste,8578,BR-040 (RJ-MG)
2025-01-17,LATAM Cargo,Roubo,Alto,Aéreo,Sudeste,69376,Porto de Santos (SP)
2025-01-17,Rumo,Operacional,Baixo,Ferroviário,Sul,114098,BR-116 (PR-SC)
2025-01-17,Mercúrio,Acidente,Baixo,Rodoviário,Nordeste,43241,Outra Nordeste
2025-01-17,Brado,Roubo,Baixo,Ferroviário,Sudeste,10284,Porto de Santos (SP)
2025-01-17,LATAM Cargo,Climático,Baixo,Aéreo,Sudeste,20463,Porto de Santos (SP)
2025-01-17,Rumo,Acidente,Médio,Ferroviário,Sudeste,101999,Porto de Santos (SP)
2025-01-18,Rumo,Operacional,Baixo,Ferroviário,Nordeste,34214,Outra Nordeste
2025-01-18,Rumo,Operacional,Baixo,Ferroviário,Sul,33594,Outra Sul
2025-01-18,Rumo,Climático,Baixo,Ferroviário,Centro-Oeste,17229,Outra Centro-Oeste
2025-01-18,Tegma,Roubo,Alto,Rodoviário,Nordeste,91668,Outra Nordeste
2025-01-18,Rumo,Operacional,Baixo,Ferroviário,Sul,55205,Outra Sul
2025-01-18,Mercúrio,Operacional,Baixo,Rodoviário,Sul,8466,Outra Sul
2025-01-19,Mercúrio,Climático,Alto,Rodoviário,Sul,26345,Outra Sul
2025-01-19,Mercúrio,Operacional,Médio,Rodoviário,Sudeste,36472,BR-040 (RJ-MG)
2025-01-19,Brado,Roubo,Alto,Ferroviário,Sudeste,24619,Porto de Santos (SP)
2025-01-19,LATAM Cargo,Climático,Médio,Aéreo,Sudeste,10913,Porto de Santos (SP)
2025-01-19,Mercúrio,Roubo,Baixo,Rodoviário,Sul,19431,Outra Sul
2025-01-19,Tegma,Roubo,Médio,Rodoviário,Sudeste,16492,Outra Sudeste
2025-01-19,JSL,Roubo,Baixo,Rodoviário,Sudeste,46282,Outra Sudeste
2025-01-19,Mercúrio,Operacional,Alto,Rodoviário,Nordeste,203061,Outra Nordeste
2025-01-19,Mercúrio,Acidente,Alto,Rodoviário,Sudeste,145995,Aeroporto de Guarulhos (GRU)
2025-01-20,LATAM Cargo,Operacional,Baixo,Aéreo,Sudeste,9512,BR-040 (RJ-MG)
2025-01-20,JSL,Climático,Médio,Rodoviário,Sudeste,33087,BR-040 (RJ-MG)
2025-01-20,Rumo,Roubo,Médio,Ferroviário,Sudeste,12651,Aeroporto de Guarulhos (GRU)
2025-01-20,Mercúrio,Climático,Baixo,Rodoviário,Sudeste,13066,Aeroporto de Guarulhos (GRU)
2025-01-20,LATAM Cargo,Acidente,Médio,Aéreo,Sudeste,188688,BR-040 (RJ-MG)
2025-01-20,Mercúrio,Roubo,Baixo,Rodoviário,Sul,22457,BR-116 (PR-SC)
2025-01-20,Rumo,Climático,Alto,Ferroviário,Nordeste,52646,Outra Nordeste
2025-01-20,JSL,Climático,Médio,Rodoviário,Sudeste,75784,Aeroporto de Guarulhos (GRU)
2025-01-20,Tegma,Operacional,Baixo,Rodoviário,Sul,8820,Outra Sul
2025-01-21,JSL,Greve,Alto,Rodoviário,Sul,116247,Outra Sul
2025-01-21,Mercúrio,Climático,Médio,Rodoviário,Norte,89009,Outra Norte
2025-01-21,Mercúrio,Climático,Médio,Rodoviário,Sudeste,14210,Outra Sudeste
2025-01-21,Mercúrio,Climático,Alto,Rodoviário,Sudeste,253724,Porto de Santos (SP)
2025-01-21,Rumo,Operacional,Médio,Ferroviário,Sudeste,79106,Aeroporto de Guarulhos (GRU)
2025-01-21,JSL,Climático,Baixo,Rodoviário,Sudeste,45746,Aeroporto de Guarulhos (GRU)
2025-01-21,Brado,Roubo,Médio,Ferroviário,Norte,23023,Outra Norte
2025-01-21,Tegma,Operacional,Médio,Rodoviário,Sudeste,34235,Aeroporto de Guarulhos (GRU)
2025-01-21,Mercúrio,Roubo,Médio,Rodoviário,Sul,17643,BR-116 (PR-SC)
2025-01-21,Tegma,Operacional,Médio,Rodoviário,Centro-Oeste,13253,Outra Centro-Oeste
2025-01-21,Mercúrio,Climático,Baixo,Rodoviário,Sudeste,33396,Aeroporto de Guarulhos (GRU)
2025-01-21,Mercúrio,Operacional,Médio,Rodoviário,Sudeste,141035,BR-040 (RJ-MG)
2025-01-21,Mercúrio,Climático,Médio,Rodoviário,Sudeste,18550,BR-040 (RJ-MG)
2025-01-22,Mercúrio,Acidente,Alto,Rodoviário,Sudeste,35291,Aeroporto de Guarulhos (GRU)
2025-01-22,Mercúrio,Climático,Médio,Rodoviário,Sudeste,12481,Porto de Santos (SP)
2025-01-22,Mercúrio,Operacional,Alto,Rodoviário,Sudeste,11766,BR-040 (RJ-MG)
2025-01-22,Mercúrio,Climático,Alto,Rodoviário,Sudeste,65801,Aeroporto de Guarulhos (GRU)
2025-01-22,Brado,Acidente,Médio,Ferroviário,Nordeste,134231,Outra Nordeste
2025-01-23,LATAM Cargo,Roubo,Alto,Aéreo,Sudeste,53449,Porto de Santos (SP)
2025-01-23,Mercúrio,Roubo,Baixo,Rodoviário,Sudeste,29657,Porto de Santos (SP)
2025-01-23,Mercúrio,Climático,Alto,Rodoviário,Sudeste,78636,Porto de Santos (SP)
2025-01-24,JSL,Climático,Médio,Rodoviário,Sul,24552,Outra Sul
2025-01-24,Tegma,Operacional,Médio,Rodoviário,Centro-Oeste,134032,Outra Centro-Oeste
2025-01-24,Rumo,Operacional,Baixo,Ferroviário,Norte,58516,Outra Norte
2025-01-24,Tegma,Operacional,Alto,Rodoviário,Sudeste,67866,Outra Sudeste
2025-01-24,Mercúrio,Roubo,Baixo,Rodoviário,Sudeste,51727,Outra Sudeste
2025-01-24,Rumo,Roubo,Médio,Ferroviário,Sudeste,22174,BR-040 (RJ-MG)
2025-01-24,Mercúrio,Operacional,Baixo,Rodoviário,Nordeste,25183,Outra Nordeste
2025-01-24,Rumo,Climático,Médio,Ferroviário,Norte,32719,Outra Norte
2025-01-24,Mercúrio,Operacional,Baixo,Rodoviário,Sudeste,8462,Porto de Santos (SP)
2025-01-24,Mercúrio,Acidente,Médio,Rodoviário,Sudeste,17793,Porto de Santos (SP)
2025-01-24,Rumo,Climático,Alto,Ferroviário,Sudeste,95902,Porto de Santos (SP)
2025-01-24,Rumo,Operacional,Baixo,Ferroviário,Sudeste,56742,Aeroporto de Guarulhos (GRU)
2025-01-24,Mercúrio,Climático,Baixo,Rodoviário,Sul,46128,Outra Sul
2025-01-24,Tegma,Roubo,Alto,Rodoviário,Sudeste,85520,Porto de Santos (SP)
2025-01-25,Rumo,Operacional,Médio,Ferroviário,Sudeste,15765,Aeroporto de Guarulhos (GRU)
2025-01-25,Tegma,Roubo,Médio,Rodoviário,Sudeste,20822,Outra Sudeste
2025-01-25,Rumo,Operacional,Baixo,Ferroviário,Sudeste,45396,BR-040 (RJ-MG)
2025-01-25,Tegma,Acidente,Médio,Rodoviário,Centro-Oeste,13549,Outra Centro-Oeste
2025-01-25,JSL,Climático,Médio,Rodoviário,Nordeste,107785,Outra Nordeste
2025-01-25,Mercúrio,Climático,Médio,Rodoviário,Sul,24311,BR-116 (PR-SC)
2025-01-25,Mercúrio,Operacional,Médio,Rodoviário,Norte,43421,Outra Norte
2025-01-25,LATAM Cargo,Climático,Baixo,Aéreo,Sudeste,88005,Outra Sudeste
2025-01-25,Mercúrio,Acidente,Baixo,Rodoviário,Sudeste,40817,Porto de Santos (SP)
2025-01-25,Mercúrio,Climático,Baixo,Rodoviário,Sudeste,10312,Aeroporto de Guarulhos (GRU)
2025-01-25,Mercúrio,Roubo,Alto,Rodoviário,Sudeste,12232,BR-040 (RJ-MG)
2025-01-26,JSL,Roubo,Médio,Rodoviário,Sudeste,11920,Porto de Santos (SP)
2025-01-26,Mercúrio,Greve,Médio,Rodoviário,Sul,46774,Outra Sul
2025-01-26,Tegma,Roubo,Baixo,Rodoviário,Sudeste,16388,Porto de Santos (SP)
2025-01-26,JSL,Climático,Médio,Rodoviário,Sudeste,100490,BR-040 (RJ-MG)
2025-01-26,Rumo,Climático,Médio,Ferroviário,Sudeste,71517,Porto de Santos (SP)
2025-01-26,Rumo,Roubo,Médio,Ferroviário,Centro-Oeste,116490,Outra Centro-Oeste
2025-01-26,Brado,Roubo,Baixo,Rodoviário,Sul,44468,Outra Sul
2025-01-27,LATAM Cargo,Operacional,Baixo,Aéreo,Sudeste,17926,Aeroporto de Guarulhos (GRU)
2025-01-27,Tegma,Climático,Baixo,Rodoviário,Sudeste,44386,Porto de Santos (SP)
2025-01-27,JSL,Climático,Baixo,Rodoviário,Centro-Oeste,31901,Outra Centro-Oeste
2025-01-27,Rumo,Roubo,Alto,Ferroviário,Nordeste,30933,Outra Nordeste
2025-01-27,Mercúrio,Roubo,Baixo,Rodoviário,Norte,8319,Outra Norte
2025-01-27,Mercúrio,Operacional,Baixo,Rodoviário,Centro-Oeste,22687,Outra Centro-Oeste
2025-01-27,Mercúrio,Roubo,Alto,Rodoviário,Sul,71594,BR-116 (PR-SC)
2025-01-27,Brado,Roubo,Baixo,Ferroviário,Sudeste,58937,Porto de Santos (SP)
2025-01-27,Rumo,Climático,Baixo,Ferroviário,Sudeste,18834,Porto de Santos (SP)
2025-01-27,Mercúrio,Operacional,Baixo,Rodoviário,Nordeste,16506,Outra Nordeste
2025-01-27,Mercúrio,Climático,Médio,Rodoviário,Nordeste,24233,Outra Nordeste
2025-01-27,Rumo,Climático,Médio,Ferroviário,Centro-Oeste,36029,Outra Centro-Oeste
2025-01-28,LATAM Cargo,Operacional,Médio,Aéreo,Sul,84187,Outra Sul
2025-01-28,Rumo,Roubo,Baixo,Ferroviário,Sudeste,36946,BR-040 (RJ-MG)
2025-01-28,Tegma,Operacional,Médio,Rodoviário,Sul,22575,Outra Sul
2025-01-28,Tegma,Operacional,Médio,Rodoviário,Nordeste,33060,Outra Nordeste
2025-01-28,Brado,Roubo,Médio,Ferroviário,Nordeste,36819,Outra Nordeste
2025-01-29,Mercúrio,Roubo,Médio,Rodoviário,Sudeste,26929,Outra Sudeste
2025-01-29,Tegma,Operacional,Baixo,Rodoviário,Centro-Oeste,49670,Outra Centro-Oeste
2025-01-29,Mercúrio,Acidente,Médio,Rodoviário,Sudeste,44692,Outra Sudeste
2025-01-29,Mercúrio,Operacional,Alto,Rodoviário,Sudeste,399872,Outra Sudeste
2025-01-29,Rumo,Greve,Alto,Ferroviário,Nordeste,21594,Outra Nordeste
2025-01-29,Mercúrio,Roubo,Alto,Rodoviário,Sudeste,109181,BR-040 (RJ-MG)
2025-01-29,Mercúrio,Climático,Baixo,Rodoviário,Sul,73167,Outra Sul
2025-01-29,Rumo,Climático,Baixo,Ferroviário,Sudeste,22676,Porto de Santos (SP)
2025-01-30,Rumo,Roubo,Médio,Ferroviário,Sudeste,114939,Outra Sudeste
2025-01-30,Mercúrio,Greve,Baixo,Rodoviário,Nordeste,70914,Outra Nordeste
2025-01-30,Mercúrio,Climático,Baixo,Rodoviário,Sul,12759,BR-116 (PR-SC)
2025-01-30,Mercúrio,Climático,Médio,Rodoviário,Sudeste,47728,Porto de Santos (SP)
2025-01-30,Mercúrio,Climático,Baixo,Rodoviário,Sul,91739,Outra Sul
2025-01-30,Mercúrio,Climático,Alto,Rodoviário,Sudeste,439500,BR-040 (RJ-MG)
2025-01-30,Tegma,Acidente,Baixo,Rodoviário,Norte,8690,Outra Norte
2025-01-30,Tegma,Operacional,Alto,Rodoviário,Sudeste,29998,Outra Sudeste
2025-01-30,JSL,Operacional,Baixo,Rodoviário,Nordeste,9402,Outra Nordeste
2025-01-30,LATAM Cargo,Climático,Alto,Aéreo,Centro-Oeste,45262,Outra Centro-Oeste
2025-01-31,LATAM Cargo,Operacional,Médio,Aéreo,Sul,27218,Outra Sul
2025-01-31,LATAM Cargo,Climático,Médio,Aéreo,Sudeste,19952,Porto de Santos (SP)
2025-01-31,Tegma,Operacional,Alto,Rodoviário,Sudeste,65006,BR-040 (RJ-MG)
2025-01-31,Brado,Roubo,Médio,Ferroviário,Centro-Oeste,39208,Outra Centro-Oeste
2025-01-31,Mercúrio,Operacional,Baixo,Rodoviário,Sudeste,21318,Outra Sudeste
2025-01-31,Mercúrio,Operacional,Baixo,Rodoviário,Sudeste,13672,Porto de Santos (SP)
2025-01-31,LATAM Cargo,Climático,Alto,Aéreo,Sudeste,13452,Aeroporto de Guarulhos (GRU)
2025-01-31,Mercúrio,Climático,Alto,Rodoviário,Sul,178781,BR-116 (PR-SC)
2025-02-01,Mercúrio,Climático,Médio,Rodoviário,Sudeste,41324,Aeroporto de Guarulhos (GRU)
2025-02-01,JSL,Climático,Baixo,Rodoviário,Nordeste,11255,Outra Nordeste
2025-02-01,JSL,Climático,Baixo,Rodoviário,Nordeste,7167,Outra Nordeste
2025-02-01,Mercúrio,Climático,Baixo,Rodoviário,Sudeste,10153,BR-040 (RJ-MG)
2025-02-01,Mercúrio,Climático,Médio,Rodoviário,Sudeste,72729,Aeroporto de Guarulhos (GRU)
2025-02-01,Mercúrio,Climático,Baixo,Rodoviário,Sudeste,70251,Outra Sudeste
2025-02-02,Rumo,Acidente,Alto,Ferroviário,Sudeste,23305,BR-040 (RJ-MG)
2025-02-02,Brado,Climático,Médio,Ferroviário,Sudeste,24383,Aeroporto de Guarulhos (GRU)
2025-02-02,JSL,Climático,Baixo,Rodoviário,Sudeste,108074,Aeroporto de Guarulhos (GRU)
2025-02-02,Mercúrio,Climático,Baixo,Rodoviário,Sul,23039,BR-116 (PR-SC)
2025-02-02,JSL,Climático,Médio,Rodoviário,Sudeste,19488,BR-040 (RJ-MG)
2025-02-02,LATAM Cargo,Climático,Médio,Aéreo,Centro-Oeste,20953,Outra Centro-Oeste
2025-02-02,LATAM Cargo,Roubo,Médio,Aéreo,Sudeste,64690,Outra Sudeste
2025-02-03,LATAM Cargo,Operacional,Médio,Aéreo,Sudeste,94932,Aeroporto de Guarulhos (GRU)
2025-02-03,LATAM Cargo,Operacional,Baixo,Aéreo,Sul,80827,BR-116 (PR-SC)
2025-02-03,Rumo,Operacional,Baixo,Ferroviário,Sudeste,41137,BR-040 (RJ-MG)
2025-02-03,JSL,Climático,Médio,Rodoviário,Sudeste,25569,Porto de Santos (SP)
2025-02-03,Mercúrio,Roubo,Médio,Rodoviário,Centro-Oeste,44653,Outra Centro-Oeste
2025-02-03,Mercúrio,Acidente,Médio,Rodoviário,Sudeste,12931,Porto de Santos (SP)
2025-02-03,Brado,Operacional,Baixo,Rodoviário,Sudeste,32774,Outra Sudeste
2025-02-03,Rumo,Roubo,Médio,Ferroviário,Sul,62747,BR-116 (PR-SC)
2025-02-04,Mercúrio,Roubo,Alto,Rodoviário,Norte,16744,Outra Norte
2025-02-04,LATAM Cargo,Operacional,Médio,Aéreo,Sudeste,113002,Aeroporto de Guarulhos (GRU)
2025-02-04,LATAM Cargo,Operacional,Baixo,Aéreo,Sudeste,28969,Outra Sudeste
2025-02-04,LATAM Cargo,Climático,Alto,Aéreo,Sudeste,48417,Outra Sudeste
2025-02-05,Mercúrio,Roubo,Médio,Rodoviário,Sudeste,38664,Aeroporto de Guarulhos (GRU)
2025-02-05,Rumo,Roubo,Baixo,Ferroviário,Nordeste,29841,Outra Nordeste
2025-02-05,Brado,Roubo,Médio,Rodoviário,Centro-Oeste,9062,Outra Centro-Oeste
2025-02-05,JSL,Climático,Baixo,Rodoviário,Norte,52314,Outra Norte
2025-02-05,Tegma,Operacional,Baixo,Rodoviário,Sudeste,27983,Outra Sudeste
2025-02-05,JSL,Climático,Baixo,Rodoviário,Sudeste,13320,Outra Sudeste
2025-02-05,Mercúrio,Operacional,Baixo,Rodoviário,Centro-Oeste,97056,Outra Centro-Oeste
2025-02-05,JSL,Climático,Baixo,Rodoviário,Sudeste,112982,Porto de Santos (SP)
2025-02-05,Brado,Operacional,Alto,Ferroviário,Sudeste,69897,BR-040 (RJ-MG)
2025-02-06,Mercúrio,Roubo,Médio,Rodoviário,Sul,16796,Outra Sul
2025-02-06,Mercúrio,Climático,Baixo,Rodoviário,Sudeste,73273,Aeroporto de Guarulhos (GRU)
2025-02-06,JSL,Climático,Médio,Rodoviário,Sudeste,213915,BR-040 (RJ-MG)
2025-02-06,Rumo,Operacional,Alto,Ferroviário,Sudeste,123408,BR-040 (RJ-MG)
2025-02-06,Brado,Roubo,Alto,Ferroviário,Nordeste,45871,Outra Nordeste
2025-02-06,Brado,Roubo,Baixo,Rodoviário,Sudeste,19021,Outra Sudeste
2025-02-06,Rumo,Roubo,Baixo,Ferroviário,Sudeste,13692,BR-040 (RJ-MG)
2025-02-07,JSL,Climático,Baixo,Rodoviário,Nordeste,31320,Outra Nordeste
2025-02-07,Mercúrio,Operacional,Médio,Rodoviário,Centro-Oeste,116484,Outra Centro-Oeste
2025-02-07,Rumo,Climático,Alto,Ferroviário,Sudeste,107690,Porto de Santos (SP)
2025-02-07,LATAM Cargo,Climático,Baixo,Aéreo,Centro-Oeste,59520,Outra Centro-Oeste
2025-02-07,Mercúrio,Roubo,Médio,Rodoviário,Sudeste,45162,Aeroporto de Guarulhos (GRU)
2025-02-07,Tegma,Roubo,Alto,Rodoviário,Sudeste,52520,BR-040 (RJ-MG)
2025-02-07,LATAM Cargo,Operacional,Baixo,Aéreo,Sudeste,7787,BR-040 (RJ-MG)
2025-02-08,Mercúrio,Operacional,Médio,Rodoviário,Sul,12275,BR-116 (PR-SC)
2025-02-08,Mercúrio,Climático,Alto,Rodoviário,Sul,25205,BR-116 (PR-SC)
2025-02-08,Mercúrio,Greve,Alto,Rodoviário,Sudeste,207702,Aeroporto de Guarulhos (GRU)
2025-02-08,Rumo,Operacional,Baixo,Ferroviário,Sudeste,26557,Outra Sudeste
2025-02-08,Rumo,Climático,Alto,Ferroviário,Sudeste,156720,Aeroporto de Guarulhos (GRU)
2025-02-08,LATAM Cargo,Climático,Baixo,Aéreo,Sudeste,53304,Aeroporto de Guarulhos (GRU)
2025-02-08,LATAM Cargo,Acidente,Baixo,Aéreo,Sul,7822,Outra Sul
2025-02-09,Mercúrio,Greve,Baixo,Rodoviário,Sudeste,13104,Porto de Santos (SP)
2025-02-09,JSL,Climático,Médio,Rodoviário,Sudeste,33515,Outra Sudeste
2025-02-09,Brado,Roubo,Baixo,Ferroviário,Norte,12671,Outra Norte
2025-02-09,Mercúrio,Acidente,Baixo,Rodoviário,Sudeste,8088,Porto de Santos (SP)
2025-02-09,Tegma,Operacional,Alto,Rodoviário,Sul,84557,BR-116 (PR-SC)
2025-02-09,LATAM Cargo,Operacional,Baixo,Aéreo,Sudeste,13091,Porto de Santos (SP)
2025-02-09,Brado,Operacional,Baixo,Ferroviário,Norte,58346,Outra Norte
2025-02-10,LATAM Cargo,Operacional,Médio,Aéreo,Sul,73693,BR-116 (PR-SC)
2025-02-10,LATAM Cargo,Operacional,Médio,Aéreo,Sudeste,17531,Porto de Santos (SP)
2025-02-10,Mercúrio,Roubo,Baixo,Rodoviário,Nordeste,6370,Outra Nordeste
2025-02-10,LATAM Cargo,Operacional,Alto,Aéreo,Sudeste,61181,BR-040 (RJ-MG)
2025-02-10,Tegma,Climático,Baixo,Rodoviário,Sudeste,76608,Porto de Santos (SP)
2025-02-10,Brado,Climático,Médio,Ferroviário,Sul,46659,BR-116 (PR-SC)
2025-02-11,Mercúrio,Climático,Baixo,Rodoviário,Sudeste,31008,Porto de Santos (SP)
2025-02-11,Tegma,Operacional,Médio,Rodoviário,Sudeste,74059,Outra Sudeste
2025-02-11,Mercúrio,Acidente,Médio,Rodoviário,Sudeste,20095,Porto de Santos (SP)
2025-02-12,LATAM Cargo,Operacional,Alto,Aéreo,Sudeste,244250,Outra Sudeste
2025-02-12,Rumo,Operacional,Médio,Ferroviário,Sudeste,60186,Outra Sudeste
2025-02-12,Tegma,Operacional,Médio,Rodoviário,Sudeste,10866,Outra Sudeste
2025-02-12,Brado,Operacional,Médio,Rodoviário,Sudeste,24927,Aeroporto de Guarulhos (GRU)
2025-02-12,Mercúrio,Climático,Baixo,Rodoviário,Sudeste,111090,BR-040 (RJ-MG)
2025-02-12,LATAM Cargo,Climático,Baixo,Aéreo,Sudeste,24742,BR-040 (RJ-MG)
2025-02-12,JSL,Climático,Alto,Rodoviário,Norte,182630,Outra Norte
2025-02-12,LATAM Cargo,Operacional,Baixo,Aéreo,Sudeste,50309,Aeroporto de Guarulhos (GRU)
2025-02-12,Mercúrio,Operacional,Alto,Rodoviário,Sudeste,19046,BR-040 (RJ-MG)
2025-02-12,Mercúrio,Climático,Baixo,Rodoviário,Sul,19870,Outra Sul
2025-02-12,Mercúrio,Roubo,Alto,Rodoviário,Sudeste,79150,Aeroporto de Guarulhos (GRU)
2025-02-12,Rumo,Roubo,Baixo,Ferroviário,Sul,24062,BR-116 (PR-SC)
2025-02-12,Tegma,Operacional,Baixo,Rodoviário,Sudeste,31814,Aeroporto de Guarulhos (GRU)
2025-02-12,Mercúrio,Roubo,Médio,Rodoviário,Sudeste,276289,Outra Sudeste
2025-02-13,Mercúrio,Operacional,Baixo,Rodoviário,Centro-Oeste,71610,Outra Centro-Oeste
2025-02-13,LATAM Cargo,Acidente,Médio,Aéreo,Sul,121078,BR-116 (PR-SC)
2025-02-13,LATAM Cargo,Climático,Baixo,Aéreo,Centro-Oeste,6657,Outra Centro-Oeste
2025-02-13,Mercúrio,Operacional,Baixo,Rodoviário,Sul,8343,Outra Sul
2025-02-13,Mercúrio,Roubo,Médio,Rodoviário,Nordeste,12738,Outra Nordeste
2025-02-13,Tegma,Roubo,Médio,Rodoviário,Sudeste,33918,Porto de Santos (SP)
2025-02-14,JSL,Roubo,Baixo,Rodoviário,Centro-Oeste,8032,Outra Centro-Oeste
2025-02-14,Rumo,Roubo,Alto,Ferroviário,Sudeste,119535,Porto de Santos (SP)
2025-02-14,Mercúrio,Roubo,Baixo,Rodoviário,Sudeste,23740,BR-040 (RJ-MG)
2025-02-14,LATAM Cargo,Operacional,Alto,Aéreo,Centro-Oeste,48469,Outra Centro-Oeste
2025-02-14,LATAM Cargo,Roubo,Alto,Aéreo,Sudeste,98231,Porto de Santos (SP)
2025-02-15,Mercúrio,Climático,Baixo,Rodoviário,Sudeste,101658,Outra Sudeste
2025-02-15,Brado,Climático,Médio,Ferroviário,Centro-Oeste,54477,Outra Centro-Oeste
2025-02-15,Rumo,Climático,Médio,Ferroviário,Sul,63645,Outra Sul
2025-02-15,Brado,Roubo,Médio,Rodoviário,Sudeste,115528,BR-040 (RJ-MG)
2025-02-15,Tegma,Acidente,Baixo,Rodoviário,Sudeste,6421,BR-040 (RJ-MG)
2025-02-15,Mercúrio,Roubo,Médio,Rodoviário,Sudeste,48908,Outra Sudeste
2025-02-15,Rumo,Roubo,Médio,Ferroviário,Centro-Oeste,35478,Outra Centro-Oeste
2025-02-16,Mercúrio,Greve,Baixo,Rodoviário,Sudeste,9977,Porto de Santos (SP)
2025-02-16,Brado,Climático,Baixo,Ferroviário,Norte,140140,Outra Norte
2025-02-16,Mercúrio,Climático,Médio,Rodoviário,Nordeste,14270,Outra Nordeste
2025-02-16,Mercúrio,Roubo,Alto,Rodoviário,Sudeste,49633,Outra Sudeste
2025-02-16,Brado,Roubo,Médio,Ferroviário,Sudeste,44310,Aeroporto de Guarulhos (GRU)
2025-02-16,Rumo,Roubo,Médio,Ferroviário,Nordeste,47125,Outra Nordeste
2025-02-16,LATAM Cargo,Roubo,Alto,Aéreo,Sudeste,63360,Aeroporto de Guarulhos (GRU)
2025-02-17,Rumo,Climático,Baixo,Ferroviário,Sudeste,35520,Outra Sudeste
2025-02-17,Rumo,Climático,Médio,Ferroviário,Sul,95957,Outra Sul
2025-02-17,Mercúrio,Climático,Médio,Rodoviário,Sudeste,152027,Porto de Santos (SP)
2025-02-17,Mercúrio,Operacional,Médio,Rodoviário,Nordeste,16846,Outra Nordeste
2025-02-17,Brado,Roubo,Alto,Ferroviário,Sul,22053,BR-116 (PR-SC)
2025-02-17,Mercúrio,Climático,Médio,Rodoviário,Sudeste,23198,BR-040 (RJ-MG)
2025-02-17,Rumo,Roubo,Alto,Ferroviário,Centro-Oeste,54412,Outra Centro-Oeste
2025-02-18,Mercúrio,Operacional,Baixo,Rodoviário,Sudeste,104017,Porto de Santos (SP)
2025-02-18,JSL,Climático,Alto,Rodoviário,Sul,94532,Outra Sul
2025-02-18,Rumo,Acidente,Baixo,Ferroviário,Sudeste,36986,Porto de Santos (SP)
2025-02-18,Mercúrio,Operacional,Médio,Rodoviário,Sudeste,16340,BR-040 (RJ-MG)
2025-02-19,Mercúrio,Climático,Baixo,Rodoviário,Nordeste,8782,Outra Nordeste
2025-02-19,Rumo,Operacional,Baixo,Ferroviário,Sudeste,43287,Outra Sudeste
2025-02-19,Mercúrio,Operacional,Médio,Rodoviário,Nordeste,102924,Outra Nordeste
2025-02-19,Brado,Operacional,Médio,Ferroviário,Sudeste,54968,BR-040 (RJ-MG)
2025-02-19,Mercúrio,Operacional,Médio,Rodoviário,Nordeste,60953,Outra Nordeste
2025-02-20,Mercúrio,Greve,Médio,Rodoviário,Nordeste,61706,Outra Nordeste
2025-02-20,Brado,Acidente,Alto,Ferroviário,Sudeste,43350,Outra Sudeste
2025-02-20,Tegma,Operacional,Baixo,Rodoviário,Sul,27012,Outra Sul
2025-02-20,Mercúrio,Climático,Médio,Rodoviário,Sudeste,36570,Outra Sudeste
2025-02-20,Brado,Roubo,Médio,Ferroviário,Sudeste,34634,Outra Sudeste
2025-02-20,Mercúrio,Operacional,Alto,Rodoviário,Sudeste,17260,BR-040 (RJ-MG)
2025-02-21,Mercúrio,Climático,Médio,Rodoviário,Centro-Oeste,73764,Outra Centro-Oeste
2025-02-21,Rumo,Climático,Médio,Ferroviário,Sudeste,112970,Outra Sudeste
2025-02-21,Rumo,Greve,Baixo,Ferroviário,Sul,46776,Outra Sul
2025-02-21,Rumo,Acidente,Alto,Ferroviário,Sudeste,22501,Outra Sudeste
2025-02-21,Mercúrio,Operacional,Médio,Rodoviário,Centro-Oeste,59824,Outra Centro-Oeste
2025-02-21,LATAM Cargo,Acidente,Baixo,Aéreo,Sudeste,71707,Outra Sudeste
2025-02-22,LATAM Cargo,Roubo,Alto,Aéreo,Sudeste,45185,Outra Sudeste
2025-02-22,Rumo,Greve,Médio,Ferroviário,Sudeste,15083,BR-040 (RJ-MG)
2025-02-22,Mercúrio,Operacional,Médio,Rodoviário,Centro-Oeste,29200,Outra Centro-Oeste
2025-02-22,LATAM Cargo,Operacional,Baixo,Aéreo,Centro-Oeste,77680,Outra Centro-Oeste
2025-02-22,Tegma,Operacional,Médio,Rodoviário,Sudeste,197429,BR-040 (RJ-MG)
2025-02-22,JSL,Climático,Baixo,Rodoviário,Norte,19683,Outra Norte
2025-02-22,LATAM Cargo,Climático,Baixo,Aéreo,Sudeste,31767,Porto de Santos (SP)
2025-02-22,Brado,Roubo,Médio,Ferroviário,Centro-Oeste,77517,Outra Centro-Oeste
2025-02-22,Mercúrio,Operacional,Alto,Rodoviário,Sul,22018,Outra Sul
2025-02-23,Brado,Roubo,Alto,Ferroviário,Sudeste,227303,Outra Sudeste
2025-02-23,LATAM Cargo,Roubo,Médio,Aéreo,Sudeste,48081,Aeroporto de Guarulhos (GRU)
2025-02-23,Mercúrio,Operacional,Alto,Rodoviário,Sudeste,55827,BR-040 (RJ-MG)
2025-02-23,Tegma,Climático,Médio,Rodoviário,Norte,11409,Outra Norte
2025-02-23,JSL,Climático,Alto,Rodoviário,Sudeste,9800,Porto de Santos (SP)
2025-02-23,JSL,Climático,Médio,Rodoviário,Sudeste,65750,Aeroporto de Guarulhos (GRU)
2025-02-23,Mercúrio,Climático,Alto,Rodoviário,Sudeste,57081,Porto de Santos (SP)
2025-02-24,Rumo,Acidente,Alto,Ferroviário,Sudeste,84353,Outra Sudeste
2025-02-24,Mercúrio,Climático,Baixo,Rodoviário,Norte,47301,Outra Norte
2025-02-24,Brado,Roubo,Baixo,Rodoviário,Sudeste,146812,Porto de Santos (SP)
2025-02-24,Rumo,Roubo,Alto,Ferroviário,Sudeste,58937,BR-040 (RJ-MG)
2025-02-24,Mercúrio,Climático,Médio,Rodoviário,Nordeste,24395,Outra Nordeste
2025-02-24,Rumo,Roubo,Baixo,Ferroviário,Sudeste,7764,Aeroporto de Guarulhos (GRU)
2025-02-24,Mercúrio,Roubo,Baixo,Rodoviário,Sul,58879,Outra Sul
2025-02-24,LATAM Cargo,Acidente,Baixo,Aéreo,Sudeste,29570,Porto de Santos (SP)
2025-02-25,Mercúrio,Acidente,Baixo,Rodoviário,Sul,56238,BR-116 (PR-SC)
2025-02-25,LATAM Cargo,Operacional,Baixo,Aéreo,Centro-Oeste,54035,Outra Centro-Oeste
2025-02-25,Mercúrio,Acidente,Baixo,Rodoviário,Sul,21735,Outra Sul
2025-02-25,Brado,Operacional,Médio,Ferroviário,Sudeste,9957,Outra Sudeste
2025-02-25,Brado,Acidente,Médio,Rodoviário,Nordeste,17240,Outra Nordeste
2025-02-25,Rumo,Acidente,Baixo,Ferroviário,Sudeste,11536,BR-040 (RJ-MG)
2025-02-25,Mercúrio,Climático,Baixo,Rodoviário,Nordeste,8074,Outra Nordeste
2025-02-25,LATAM Cargo,Climático,Baixo,Aéreo,Nordeste,38872,Outra Nordeste
2025-02-25,Mercúrio,Climático,Alto,Rodoviário,Sudeste,103813,Aeroporto de Guarulhos (GRU)
2025-02-26,Rumo,Acidente,Médio,Ferroviário,Sudeste,11204,Outra Sudeste
2025-02-26,Rumo,Climático,Alto,Ferroviário,Sudeste,16260,Outra Sudeste
2025-02-26,LATAM Cargo,Roubo,Baixo,Aéreo,Centro-Oeste,33020,Outra Centro-Oeste
2025-02-26,Brado,Roubo,Baixo,Ferroviário,Nordeste,23009,Outra Nordeste
2025-02-26,Mercúrio,Climático,Baixo,Rodoviário,Norte,22935,Outra Norte
2025-02-26,Brado,Roubo,Baixo,Ferroviário,Nordeste,15360,Outra Nordeste
2025-02-26,Rumo,Climático,Alto,Ferroviário,Sudeste,27463,BR-040 (RJ-MG)
2025-02-26,Rumo,Greve,Médio,Ferroviário,Sudeste,136378,Porto de Santos (SP)
2025-02-26,LATAM Cargo,Roubo,Alto,Aéreo,Sudeste,79651,BR-040 (RJ-MG)
2025-02-26,JSL,Roubo,Alto,Rodoviário,Centro-Oeste,187128,Outra Centro-Oeste
2025-02-27,Mercúrio,Climático,Alto,Rodoviário,Sudeste,80890,Aeroporto de Guarulhos (GRU)
2025-02-27,Brado,Climático,Alto,Ferroviário,Sudeste,32869,Outra Sudeste
2025-02-27,Brado,Operacional,Médio,Rodoviário,Sudeste,67945,Porto de Santos (SP)
2025-02-27,JSL,Roubo,Alto,Rodoviário,Centro-Oeste,187409,Outra Centro-Oeste
2025-02-27,Mercúrio,Climático,Alto,Rodoviário,Sul,76743,BR-116 (PR-SC)
2025-02-27,Rumo,Roubo,Médio,Ferroviário,Sudeste,78053,BR-040 (RJ-MG)
2025-02-27,Rumo,Greve,Médio,Ferroviário,Centro-Oeste,92570,Outra Centro-Oeste
2025-02-27,Mercúrio,Acidente,Médio,Rodoviário,Sudeste,66825,Aeroporto de Guarulhos (GRU)
2025-02-27,Mercúrio,Operacional,Baixo,Rodoviário,Centro-Oeste,19834,Outra Centro-Oeste
2025-02-28,Brado,Roubo,Baixo,Ferroviário,Sudeste,67923,Outra Sudeste
2025-02-28,Mercúrio,Roubo,Médio,Rodoviário,Sudeste,129783,BR-040 (RJ-MG)
2025-02-28,Mercúrio,Acidente,Médio,Rodoviário,Sudeste,126572,BR-040 (RJ-MG)
2025-02-28,Mercúrio,Acidente,Baixo,Rodoviário,Sudeste,9514,Porto de Santos (SP)
2025-02-28,Rumo,Climático,Médio,Ferroviário,Sudeste,124936,Aeroporto de Guarulhos (GRU)
2025-02-28,LATAM Cargo,Roubo,Alto,Aéreo,Sudeste,272093,Porto de Santos (SP)
2025-03-01,Mercúrio,Roubo,Alto,Rodoviário,Sudeste,31657,Porto de Santos (SP)
2025-03-01,Mercúrio,Climático,Alto,Rodoviário,Sudeste,3600223,Aeroporto de Guarulhos (GRU)
2025-03-01,Mercúrio,Roubo,Médio,Rodoviário,Norte,62083,Outra Norte
2025-03-01,LATAM Cargo,Climático,Baixo,Aéreo,Centro-Oeste,46570,Outra Centro-Oeste
2025-03-01,Mercúrio,Climático,Alto,Rodoviário,Sudeste,3600223,Aeroporto de Guarulhos (GRU)
2025-03-01,Brado,Roubo,Baixo,Rodoviário,Sul,35345,Outra Sul
2025-03-01,Rumo,Acidente,Baixo,Ferroviário,Centro-Oeste,9270,Outra Centro-Oeste
2025-03-01,Mercúrio,Climático,Médio,Rodoviário,Sul,72361,Outra Sul
2025-03-01,LATAM Cargo,Roubo,Médio,Aéreo,Sudeste,16347,Outra Sudeste
2025-03-01,Mercúrio,Roubo,Baixo,Rodoviário,Sudeste,7418,BR-040 (RJ-MG)
2025-03-01,LATAM Cargo,Acidente,Médio,Aéreo,Sul,23386,Outra Sul
2025-03-01,Mercúrio,Roubo,Médio,Rodoviário,Sul,13223,BR-116 (PR-SC)
2025-03-02,Mercúrio,Climático,Alto,Rodoviário,Sudeste,43630,Outra Sudeste
2025-03-02,LATAM Cargo,Acidente,Baixo,Aéreo,Centro-Oeste,73825,Outra Centro-Oeste
2025-03-02,Brado,Roubo,Médio,Ferroviário,Sudeste,17998,BR-040 (RJ-MG)
2025-03-02,Tegma,Operacional,Médio,Rodoviário,Sudeste,20296,BR-040 (RJ-MG)
2025-03-02,Mercúrio,Roubo,Médio,Rodoviário,Sudeste,22301,Porto de Santos (SP)
2025-03-02,Brado,Acidente,Médio,Ferroviário,Sul,49952,Outra Sul
2025-03-02,Mercúrio,Climático,Baixo,Rodoviário,Nordeste,21042,Outra Nordeste
2025-03-02,LATAM Cargo,Roubo,Médio,Aéreo,Sul,20378,Outra Sul
2025-03-02,Mercúrio,Roubo,Médio,Rodoviário,Sudeste,66177,Porto de Santos (SP)
2025-03-02,Mercúrio,Roubo,Alto,Rodoviário,Sul,13617,BR-116 (PR-SC)
2025-03-02,Mercúrio,Greve,Baixo,Rodoviário,Sudeste,60936,Porto de Santos (SP)
2025-03-02,JSL,Climático,Baixo,Rodoviário,Nordeste,22684,Outra Nordeste
2025-03-03,Tegma,Roubo,Baixo,Rodoviário,Sul,139336,Outra Sul
2025-03-03,Mercúrio,Climático,Alto,Rodoviário,Centro-Oeste,176074,Outra Centro-Oeste
2025-03-03,Mercúrio,Operacional,Baixo,Rodoviário,Norte,63260,Outra Norte
2025-03-03,Mercúrio,Roubo,Alto,Rodoviário,Sudeste,110847,Aeroporto de Guarulhos (GRU)
2025-03-03,JSL,Roubo,Baixo,Rodoviário,Norte,11961,Outra Norte
2025-03-03,LATAM Cargo,Operacional,Médio,Aéreo,Sudeste,14803,Aeroporto de Guarulhos (GRU)
2025-03-03,Mercúrio,Operacional,Médio,Rodoviário,Nordeste,59357,Outra Nordeste
2025-03-04,Mercúrio,Climático,Alto,Rodoviário,Nordeste,17004,Outra Nordeste
2025-03-04,Mercúrio,Operacional,Médio,Rodoviário,Sudeste,178033,Porto de Santos (SP)
2025-03-04,Rumo,Climático,Baixo,Ferroviário,Sudeste,20387,Aeroporto de Guarulhos (GRU)
2025-03-04,Brado,Acidente,Baixo,Rodoviário,Sudeste,16850,BR-040 (RJ-MG)
2025-03-04,Mercúrio,Climático,Baixo,Rodoviário,Centro-Oeste,39752,Outra Centro-Oeste
2025-03-05,Brado,Climático,Baixo,Ferroviário,Sul,11206,Outra Sul
2025-03-05,Mercúrio,Climático,Médio,Rodoviário,Sudeste,9350,Porto de Santos (SP)
2025-03-05,Mercúrio,Roubo,Baixo,Rodoviário,Sudeste,22117,Aeroporto de Guarulhos (GRU)
2025-03-05,Mercúrio,Climático,Médio,Rodoviário,Sudeste,26980,Porto de Santos (SP)
2025-03-05,Mercúrio,Climático,Médio,Rodoviário,Sudeste,8873,BR-040 (RJ-MG)
2025-03-05,Tegma,Roubo,Alto,Rodoviário,Sudeste,21995,BR-040 (RJ-MG)
2025-03-05,Tegma,Climático,Médio,Rodoviário,Centro-Oeste,30557,Outra Centro-Oeste
2025-03-05,Mercúrio,Operacional,Médio,Rodoviário,Nordeste,32098,Outra Nordeste
2025-03-05,JSL,Climático,Baixo,Rodoviário,Norte,76550,Outra Norte
2025-03-06,LATAM Cargo,Climático,Alto,Aéreo,Sudeste,119438,BR-040 (RJ-MG)
2025-03-06,Tegma,Acidente,Alto,Rodoviário,Sudeste,17984,Outra Sudeste
2025-03-06,Mercúrio,Roubo,Baixo,Rodoviário,Norte,22275,Outra Norte
2025-03-06,Mercúrio,Climático,Alto,Rodoviário,Norte,88731,Outra Norte
2025-03-06,Mercúrio,Climático,Alto,Rodoviário,Nordeste,36825,Outra Nordeste
2025-03-06,Mercúrio,Climático,Baixo,Rodoviário,Sul,41630,Outra Sul
2025-03-06,Rumo,Climático,Baixo,Ferroviário,Sudeste,26586,Aeroporto de Guarulhos (GRU)
2025-03-06,Rumo,Roubo,Alto,Ferroviário,Centro-Oeste,559916,Outra Centro-Oeste
2025-03-06,Mercúrio,Roubo,Baixo,Rodoviário,Sudeste,12662,BR-040 (RJ-MG)
2025-03-06,Brado,Greve,Médio,Ferroviário,Sudeste,20860,BR-040 (RJ-MG)
2025-03-06,Tegma,Operacional,Baixo,Rodoviário,Sudeste,113623,Outra Sudeste
2025-03-06,Mercúrio,Operacional,Baixo,Rodoviário,Sudeste,38581,Outra Sudeste
2025-03-06,Brado,Roubo,Médio,Ferroviário,Sudeste,9573,BR-040 (RJ-MG)
2025-03-07,Rumo,Operacional,Baixo,Ferroviário,Sudeste,57940,Porto de Santos (SP)
2025-03-07,Mercúrio,Operacional,Baixo,Rodoviário,Nordeste,15034,Outra Nordeste
2025-03-07,Rumo,Climático,Alto,Ferroviário,Sudeste,3600223,Porto de Santos (SP)
2025-03-07,Brado,Operacional,Alto,Ferroviário,Centro-Oeste,72089,Outra Centro-Oeste
2025-03-07,Brado,Roubo,Alto,Ferroviário,Sudeste,78964,BR-040 (RJ-MG)
2025-03-07,Rumo,Acidente,Baixo,Ferroviário,Nordeste,13719,Outra Nordeste
2025-03-07,JSL,Climático,Alto,Rodoviário,Sudeste,38453,Aeroporto de Guarulhos (GRU)
2025-03-07,Mercúrio,Roubo,Médio,Rodoviário,Norte,29522,Outra Norte
2025-03-07,Mercúrio,Operacional,Baixo,Rodoviário,Sul,41885,BR-116 (PR-SC)
2025-03-08,Mercúrio,Climático,Baixo,Rodoviário,Norte,68066,Outra Norte
2025-03-08,Mercúrio,Climático,Médio,Rodoviário,Sudeste,75081,Aeroporto de Guarulhos (GRU)
2025-03-08,JSL,Climático,Baixo,Rodoviário,Sudeste,11826,BR-040 (RJ-MG)
2025-03-08,LATAM Cargo,Climático,Baixo,Aéreo,Sudeste,10351,Aeroporto de Guarulhos (GRU)
2025-03-08,Rumo,Acidente,Baixo,Ferroviário,Centro-Oeste,16477,Outra Centro-Oeste
2025-03-08,Mercúrio,Operacional,Baixo,Rodoviário,Sudeste,23670,Outra Sudeste
2025-03-08,Tegma,Operacional,Baixo,Rodoviário,Nordeste,9292,Outra Nordeste
2025-03-08,Rumo,Operacional,Médio,Ferroviário,Sudeste,49563,Outra Sudeste
2025-03-09,Mercúrio,Acidente,Médio,Rodoviário,Sudeste,50670,Outra Sudeste
2025-03-09,Mercúrio,Roubo,Alto,Rodoviário,Nordeste,91409,Outra Nordeste
2025-03-09,LATAM Cargo,Roubo,Baixo,Aéreo,Sul,13913,BR-116 (PR-SC)
2025-03-09,JSL,Climático,Médio,Rodoviário,Sudeste,77432,BR-040 (RJ-MG)
2025-03-09,Mercúrio,Climático,Baixo,Rodoviário,Norte,19494,Outra Norte
2025-03-09,Mercúrio,Roubo,Médio,Rodoviário,Norte,91564,Outra Norte
2025-03-09,LATAM Cargo,Operacional,Baixo,Aéreo,Centro-Oeste,58909,Outra Centro-Oeste
2025-03-09,LATAM Cargo,Greve,Baixo,Aéreo,Sul,14360,BR-116 (PR-SC)
2025-03-10,Rumo,Climático,Alto,Ferroviário,Sudeste,231635,Porto de Santos (SP)
2025-03-10,LATAM Cargo,Climático,Baixo,Aéreo,Sudeste,28270,Aeroporto de Guarulhos (GRU)
2025-03-10,LATAM Cargo,Acidente,Alto,Aéreo,Sudeste,18982,BR-040 (RJ-MG)
2025-03-10,Rumo,Climático,Baixo,Ferroviário,Sudeste,40153,BR-040 (RJ-MG)
2025-03-10,Rumo,Acidente,Médio,Ferroviário,Sul,33235,BR-116 (PR-SC)
2025-03-10,JSL,Climático,Baixo,Rodoviário,Sudeste,16478,Aeroporto de Guarulhos (GRU)
2025-03-10,Mercúrio,Roubo,Baixo,Rodoviário,Sul,64765,Outra Sul
2025-03-11,Rumo,Acidente,Baixo,Ferroviário,Sudeste,8862,BR-040 (RJ-MG)
2025-03-11,Mercúrio,Operacional,Baixo,Rodoviário,Nordeste,10779,Outra Nordeste
2025-03-11,Rumo,Climático,Alto,Ferroviário,Sudeste,22700,BR-040 (RJ-MG)
2025-03-11,Mercúrio,Roubo,Baixo,Rodoviário,Sudeste,57513,Porto de Santos (SP)
2025-03-11,LATAM Cargo,Greve,Médio,Aéreo,Sudeste,11312,Outra Sudeste
2025-03-11,Tegma,Roubo,Baixo,Rodoviário,Norte,60894,Outra Norte
2025-03-11,Mercúrio,Climático,Baixo,Rodoviário,Nordeste,92521,Outra Nordeste
2025-03-12,Rumo,Operacional,Alto,Ferroviário,Nordeste,91964,Outra Nordeste
2025-03-12,Brado,Climático,Médio,Ferroviário,Sudeste,73552,Aeroporto de Guarulhos (GRU)
2025-03-12,Mercúrio,Climático,Baixo,Rodoviário,Centro-Oeste,7961,Outra Centro-Oeste
2025-03-12,JSL,Climático,Baixo,Rodoviário,Sudeste,29737,Outra Sudeste
2025-03-12,JSL,Climático,Alto,Rodoviário,Sul,11000,Outra Sul
2025-03-12,Mercúrio,Climático,Médio,Rodoviário,Sudeste,9677,BR-040 (RJ-MG)
2025-03-12,Mercúrio,Climático,Baixo,Rodoviário,Centro-Oeste,6375,Outra Centro-Oeste
2025-03-12,Mercúrio,Climático,Alto,Rodoviário,Norte,21478,Outra Norte
2025-03-12,Mercúrio,Acidente,Médio,Rodoviário,Sul,267719,Outra Sul
2025-03-12,LATAM Cargo,Roubo,Alto,Aéreo,Sul,106769,Outra Sul
2025-03-13,Mercúrio,Climático,Alto,Rodoviário,Sudeste,44021,Outra Sudeste
2025-03-13,Rumo,Roubo,Alto,Ferroviário,Sul,19737,Outra Sul
2025-03-13,Rumo,Climático,Baixo,Ferroviário,Sudeste,22607,BR-040 (RJ-MG)
2025-03-13,Brado,Roubo,Baixo,Rodoviário,Sul,28880,BR-116 (PR-SC)
2025-03-13,Tegma,Roubo,Baixo,Rodoviário,Sudeste,8281,Aeroporto de Guarulhos (GRU)
2025-03-13,Rumo,Climático,Alto,Ferroviário,Sudeste,20760,Aeroporto de Guarulhos (GRU)
2025-03-13,LATAM Cargo,Operacional,Médio,Aéreo,Sudeste,69889,Porto de Santos (SP)
2025-03-13,Mercúrio,Climático,Médio,Rodoviário,Sul,109989,BR-116 (PR-SC)
2025-03-13,Mercúrio,Climático,Baixo,Rodoviário,Nordeste,8275,Outra Nordeste
2025-03-13,Rumo,Operacional,Baixo,Ferroviário,Nordeste,22403,Outra Nordeste
2025-03-13,Mercúrio,Roubo,Baixo,Rodoviário,Sudeste,17476,Aeroporto de Guarulhos (GRU)
2025-03-13,Mercúrio,Roubo,Médio,Rodoviário,Sudeste,52506,BR-040 (RJ-MG)
2025-03-13,Rumo,Operacional,Médio,Ferroviário,Sul,44086,Outra Sul
2025-03-13,Rumo,Roubo,Médio,Ferroviário,Nordeste,198613,Outra Nordeste
2025-03-13,Mercúrio,Operacional,Alto,Rodoviário,Centro-Oeste,39102,Outra Centro-Oeste
2025-03-13,Tegma,Operacional,Médio,Rodoviário,Sudeste,68035,Porto de Santos (SP)
2025-03-14,JSL,Climático,Médio,Rodoviário,Sudeste,130131,Aeroporto de Guarulhos (GRU)
2025-03-14,Brado,Roubo,Alto,Ferroviário,Sudeste,30778,Outra Sudeste
2025-03-14,Rumo,Operacional,Baixo,Ferroviário,Centro-Oeste,65708,Outra Centro-Oeste
2025-03-14,Rumo,Roubo,Médio,Ferroviário,Sudeste,131461,Aeroporto de Guarulhos (GRU)
2025-03-14,Brado,Roubo,Médio,Ferroviário,Sul,34301,Outra Sul
2025-03-14,JSL,Climático,Alto,Rodoviário,Sudeste,47361,Porto de Santos (SP)
2025-03-14,Brado,Roubo,Médio,Ferroviário,Sul,30229,Outra Sul
2025-03-14,Rumo,Greve,Médio,Ferroviário,Sul,29541,BR-116 (PR-SC)
2025-03-14,Brado,Roubo,Baixo,Rodoviário,Sudeste,7713,Porto de Santos (SP)
2025-03-14,Rumo,Climático,Alto,Ferroviário,Sudeste,29699,Porto de Santos (SP)
2025-03-14,Brado,Roubo,Médio,Ferroviário,Sudeste,67064,BR-040 (RJ-MG)
2025-03-15,Mercúrio,Acidente,Médio,Rodoviário,Sudeste,27905,Porto de Santos (SP)
2025-03-15,LATAM Cargo,Roubo,Médio,Aéreo,Sudeste,11378,Porto de Santos (SP)
2025-03-15,Mercúrio,Roubo,Baixo,Rodoviário,Norte,10641,Outra Norte
2025-03-15,Rumo,Climático,Alto,Ferroviário,Sudeste,3600223,BR-040 (RJ-MG)
2025-03-15,Mercúrio,Greve,Baixo,Rodoviário,Sudeste,30256,BR-040 (RJ-MG)
2025-03-15,Rumo,Operacional,Baixo,Ferroviário,Sudeste,16422,Porto de Santos (SP)
2025-03-15,Mercúrio,Acidente,Médio,Rodoviário,Sudeste,15471,BR-040 (RJ-MG)
2025-03-15,Rumo,Climático,Médio,Ferroviário,Sudeste,69849,BR-040 (RJ-MG)
2025-03-16,Mercúrio,Climático,Baixo,Rodoviário,Sudeste,42710,Aeroporto de Guarulhos (GRU)
2025-03-16,Rumo,Climático,Baixo,Ferroviário,Centro-Oeste,41373,Outra Centro-Oeste
2025-03-16,Rumo,Climático,Alto,Ferroviário,Sudeste,3600223,Outra Sudeste
2025-03-17,Mercúrio,Climático,Médio,Rodoviário,Sudeste,44990,Porto de Santos (SP)
2025-03-17,Mercúrio,Roubo,Alto,Rodoviário,Sudeste,67344,Aeroporto de Guarulhos (GRU)
2025-03-17,Tegma,Operacional,Alto,Rodoviário,Centro-Oeste,45529,Outra Centro-Oeste
2025-03-17,Brado,Roubo,Baixo,Rodoviário,Sudeste,66531,BR-040 (RJ-MG)
2025-03-17,JSL,Climático,Baixo,Rodoviário,Sudeste,20559,BR-040 (RJ-MG)
2025-03-17,Mercúrio,Operacional,Médio,Rodoviário,Sul,40969,Outra Sul
2025-03-17,Rumo,Acidente,Baixo,Ferroviário,Sudeste,23375,Porto de Santos (SP)
2025-03-17,JSL,Acidente,Médio,Rodoviário,Sudeste,47531,Aeroporto de Guarulhos (GRU)
2025-03-18,Mercúrio,Operacional,Médio,Rodoviário,Sul,60887,BR-116 (PR-SC)
2025-03-18,Tegma,Roubo,Médio,Rodoviário,Sudeste,37320,Porto de Santos (SP)
2025-03-18,Mercúrio,Roubo,Baixo,Rodoviário,Sudeste,25404,Aeroporto de Guarulhos (GRU)
2025-03-18,Mercúrio,Operacional,Baixo,Rodoviário,Sudeste,21210,Porto de Santos (SP)
2025-03-18,Tegma,Operacional,Alto,Rodoviário,Nordeste,249388,Outra Nordeste
2025-03-18,Mercúrio,Acidente,Baixo,Rodoviário,Nordeste,7995,Outra Nordeste
2025-03-18,LATAM Cargo,Operacional,Médio,Aéreo,Sudeste,11496,Aeroporto de Guarulhos (GRU)
2025-03-18,Mercúrio,Operacional,Baixo,Rodoviário,Sudeste,29579,Porto de Santos (SP)
2025-03-18,Rumo,Operacional,Alto,Ferroviário,Sudeste,137044,Aeroporto de Guarulhos (GRU)
2025-03-19,JSL,Operacional,Baixo,Rodoviário,Sudeste,17795,BR-040 (RJ-MG)
2025-03-19,Mercúrio,Acidente,Médio,Rodoviário,Centro-Oeste,31253,Outra Centro-Oeste
2025-03-19,Mercúrio,Operacional,Baixo,Rodoviário,Sudeste,82021,Outra Sudeste
2025-03-19,Mercúrio,Roubo,Médio,Rodoviário,Centro-Oeste,19630,Outra Centro-Oeste
2025-03-19,Mercúrio,Acidente,Alto,Rodoviário,Centro-Oeste,41836,Outra Centro-Oeste
2025-03-19,Mercúrio,Climático,Baixo,Rodoviário,Sudeste,25946,BR-040 (RJ-MG)
2025-03-19,Rumo,Acidente,Baixo,Ferroviário,Sudeste,98673,Porto de Santos (SP)
2025-03-19,JSL,Roubo,Alto,Rodoviário,Norte,165478,Outra Norte
2025-03-19,Tegma,Operacional,Alto,Rodoviário,Sudeste,104019,BR-040 (RJ-MG)
2025-03-19,Mercúrio,Roubo,Alto,Rodoviário,Nordeste,36865,Outra Nordeste
2025-03-20,JSL,Climático,Médio,Rodoviário,Sudeste,77315,BR-040 (RJ-MG)
2025-03-20,Rumo,Climático,Baixo,Ferroviário,Centro-Oeste,8547,Outra Centro-Oeste
2025-03-20,Mercúrio,Climático,Médio,Rodoviário,Sudeste,82904,Aeroporto de Guarulhos (GRU)
2025-03-20,Brado,Roubo,Alto,Ferroviário,Centro-Oeste,48932,Outra Centro-Oeste
2025-03-20,Tegma,Operacional,Médio,Rodoviário,Sudeste,66690,Outra Sudeste
2025-03-20,Mercúrio,Climático,Médio,Rodoviário,Sudeste,47961,Porto de Santos (SP)
2025-03-20,Mercúrio,Climático,Alto,Rodoviário,Centro-Oeste,30252,Outra Centro-Oeste
2025-03-20,JSL,Climático,Médio,Rodoviário,Centro-Oeste,23820,Outra Centro-Oeste
2025-03-20,Brado,Acidente,Baixo,Ferroviário,Centro-Oeste,74418,Outra Centro-Oeste
2025-03-21,Mercúrio,Climático,Alto,Rodoviário,Sudeste,135189,Outra Sudeste
2025-03-21,Brado,Climático,Médio,Ferroviário,Sudeste,18342,BR-040 (RJ-MG)
2025-03-21,Tegma,Operacional,Baixo,Rodoviário,Sudeste,85976,Porto de Santos (SP)
2025-03-21,JSL,Greve,Médio,Rodoviário,Sul,12379,Outra Sul
2025-03-21,Tegma,Operacional,Baixo,Rodoviário,Nordeste,49769,Outra Nordeste
2025-03-21,Mercúrio,Climático,Baixo,Rodoviário,Sudeste,14021,Outra Sudeste
2025-03-21,Rumo,Operacional,Médio,Ferroviário,Sudeste,76208,Porto de Santos (SP)
2025-03-21,Mercúrio,Operacional,Baixo,Rodoviário,Sudeste,6406,Porto de Santos (SP)
2025-03-22,Mercúrio,Operacional,Baixo,Rodoviário,Sudeste,72118,Porto de Santos (SP)
2025-03-22,Rumo,Roubo,Médio,Ferroviário,Sudeste,44484,BR-040 (RJ-MG)
2025-03-22,Rumo,Acidente,Baixo,Ferroviário,Centro-Oeste,49519,Outra Centro-Oeste
2025-03-22,JSL,Climático,Alto,Rodoviário,Sudeste,119465,Outra Sudeste
2025-03-22,JSL,Climático,Baixo,Rodoviário,Centro-Oeste,89126,Outra Centro-Oeste
2025-03-22,Mercúrio,Operacional,Baixo,Rodoviário,Sudeste,31188,Porto de Santos (SP)
2025-03-22,JSL,Climático,Alto,Rodoviário,Norte,163736,Outra Norte
2025-03-22,Mercúrio,Roubo,Médio,Rodoviário,Sudeste,106913,Outra Sudeste
2025-03-22,Mercúrio,Greve,Médio,Rodoviário,Sul,21865,BR-116 (PR-SC)
2025-03-22,Mercúrio,Roubo,Baixo,Rodoviário,Sudeste,77705,Outra Sudeste
2025-03-22,Tegma,Operacional,Médio,Rodoviário,Sul,17814,Outra Sul
2025-03-23,LATAM Cargo,Acidente,Alto,Aéreo,Centro-Oeste,156230,Outra Centro-Oeste
2025-03-23,Brado,Climático,Alto,Ferroviário,Sudeste,104546,Porto de Santos (SP)
2025-03-23,Rumo,Roubo,Médio,Ferroviário,Sudeste,65912,Aeroporto de Guarulhos (GRU)
2025-03-23,JSL,Roubo,Médio,Rodoviário,Sudeste,56513,Aeroporto de Guarulhos (GRU)
2025-03-23,Mercúrio,Climático,Médio,Rodoviário,Sudeste,45946,Porto de Santos (SP)
2025-03-23,Mercúrio,Operacional,Baixo,Rodoviário,Centro-Oeste,12947,Outra Centro-Oeste
2025-03-24,Mercúrio,Climático,Baixo,Rodoviário,Sudeste,24904,Porto de Santos (SP)
2025-03-24,Mercúrio,Roubo,Baixo,Rodoviário,Sudeste,49728,Aeroporto de Guarulhos (GRU)
2025-03-24,JSL,Climático,Médio,Rodoviário,Sul,61923,Outra Sul
2025-03-24,Mercúrio,Acidente,Alto,Rodoviário,Sudeste,35494,BR-040 (RJ-MG)
2025-03-24,LATAM Cargo,Operacional,Médio,Aéreo,Sudeste,7941,BR-040 (RJ-MG)
2025-03-24,Mercúrio,Climático,Baixo,Rodoviário,Sudeste,32770,BR-040 (RJ-MG)
2025-03-24,Brado,Climático,Baixo,Ferroviário,Sudeste,22500,BR-040 (RJ-MG)
2025-03-25,Mercúrio,Operacional,Alto,Rodoviário,Centro-Oeste,33544,Outra Centro-Oeste
2025-03-25,Rumo,Climático,Médio,Ferroviário,Nordeste,134930,Outra Nordeste
2025-03-25,Mercúrio,Roubo,Médio,Rodoviário,Sudeste,51284,BR-040 (RJ-MG)
2025-03-25,Mercúrio,Climático,Baixo,Rodoviário,Sudeste,60131,Aeroporto de Guarulhos (GRU)
2025-03-25,Mercúrio,Climático,Médio,Rodoviário,Sudeste,33171,Aeroporto de Guarulhos (GRU)
2025-03-25,Rumo,Operacional,Alto,Ferroviário,Nordeste,94520,Outra Nordeste
2025-03-25,Tegma,Operacional,Baixo,Rodoviário,Sudeste,32898,Porto de Santos (SP)
2025-03-25,Mercúrio,Climático,Alto,Rodoviário,Centro-Oeste,37813,Outra Centro-Oeste
2025-03-25,Brado,Roubo,Baixo,Ferroviário,Sudeste,12224,Outra Sudeste
2025-03-26,JSL,Roubo,Baixo,Rodoviário,Sudeste,22818,Outra Sudeste
2025-03-26,Mercúrio,Climático,Médio,Rodoviário,Sudeste,90647,Aeroporto de Guarulhos (GRU)
2025-03-26,Tegma,Operacional,Alto,Rodoviário,Sudeste,237265,Aeroporto de Guarulhos (GRU)
2025-03-26,Brado,Roubo,Baixo,Ferroviário,Norte,15392,Outra Norte
2025-03-26,JSL,Climático,Baixo,Rodoviário,Sudeste,10527,BR-040 (RJ-MG)
2025-03-26,Mercúrio,Climático,Baixo,Rodoviário,Sul,14206,Outra Sul
2025-03-26,Tegma,Operacional,Médio,Rodoviário,Sul,44415,Outra Sul
2025-03-26,Mercúrio,Roubo,Alto,Rodoviário,Sudeste,197248,Porto de Santos (SP)
2025-03-27,Mercúrio,Operacional,Médio,Rodoviário,Norte,28876,Outra Norte
2025-03-27,Tegma,Operacional,Alto,Rodoviário,Nordeste,49274,Outra Nordeste
2025-03-27,Rumo,Roubo,Baixo,Ferroviário,Nordeste,34176,Outra Nordeste
2025-03-27,Rumo,Roubo,Médio,Ferroviário,Sudeste,43377,Outra Sudeste
2025-03-27,Rumo,Operacional,Alto,Ferroviário,Sudeste,54506,Outra Sudeste
2025-03-27,JSL,Climático,Médio,Rodoviário,Sudeste,86978,Outra Sudeste
2025-03-27,Mercúrio,Operacional,Médio,Rodoviário,Sudeste,152451,Porto de Santos (SP)
2025-03-27,Mercúrio,Roubo,Alto,Rodoviário,Nordeste,26467,Outra Nordeste
2025-03-27,Mercúrio,Climático,Baixo,Rodoviário,Sudeste,49625,Porto de Santos (SP)
2025-03-27,Mercúrio,Operacional,Médio,Rodoviário,Sudeste,13634,Porto de Santos (SP)
2025-03-28,Tegma,Operacional,Alto,Rodoviário,Sul,194016,BR-116 (PR-SC)
2025-03-28,JSL,Climático,Médio,Rodoviário,Sudeste,21602,BR-040 (RJ-MG)
2025-03-28,Mercúrio,Climático,Baixo,Rodoviário,Sul,9678,Outra Sul
2025-03-28,Tegma,Roubo,Médio,Rodoviário,Centro-Oeste,17509,Outra Centro-Oeste
2025-03-28,JSL,Climático,Baixo,Rodoviário,Sudeste,14134,Aeroporto de Guarulhos (GRU)
2025-03-28,Mercúrio,Climático,Médio,Rodoviário,Centro-Oeste,95533,Outra Centro-Oeste
2025-03-28,Rumo,Acidente,Médio,Ferroviário,Sudeste,144498,Aeroporto de Guarulhos (GRU)
2025-03-28,Brado,Roubo,Médio,Ferroviário,Norte,162059,Outra Norte
2025-03-28,LATAM Cargo,Operacional,Médio,Aéreo,Sudeste,28733,BR-040 (RJ-MG)
2025-03-28,Mercúrio,Operacional,Alto,Rodoviário,Sudeste,25890,Porto de Santos (SP)
2025-03-28,Rumo,Climático,Baixo,Ferroviário,Sul,15922,Outra Sul
2025-03-29,JSL,Acidente,Médio,Rodoviário,Sudeste,88623,Outra Sudeste
2025-03-29,Rumo,Operacional,Alto,Ferroviário,Centro-Oeste,189628,Outra Centro-Oeste
2025-03-29,LATAM Cargo,Operacional,Alto,Aéreo,Sudeste,151868,Porto de Santos (SP)
2025-03-29,Mercúrio,Climático,Alto,Rodoviário,Sudeste,74229,BR-040 (RJ-MG)
2025-03-29,Rumo,Roubo,Médio,Ferroviário,Sudeste,19465,Aeroporto de Guarulhos (GRU)
2025-03-29,LATAM Cargo,Climático,Alto,Aéreo,Sul,69917,Outra Sul
2025-03-29,Mercúrio,Roubo,Baixo,Rodoviário,Centro-Oeste,52418,Outra Centro-Oeste
2025-03-30,Tegma,Operacional,Baixo,Rodoviário,Sudeste,103982,Aeroporto de Guarulhos (GRU)
2025-03-30,LATAM Cargo,Roubo,Baixo,Aéreo,Sudeste,54407,BR-040 (RJ-MG)
2025-03-30,JSL,Climático,Baixo,Rodoviário,Nordeste,101286,Outra Nordeste
2025-03-30,Rumo,Operacional,Médio,Ferroviário,Sudeste,10786,Porto de Santos (SP)
2025-03-30,Mercúrio,Climático,Baixo,Rodoviário,Sudeste,104689,BR-040 (RJ-MG)
2025-03-30,Mercúrio,Climático,Baixo,Rodoviário,Sudeste,51701,BR-040 (RJ-MG)
2025-03-30,Mercúrio,Acidente,Baixo,Rodoviário,Sudeste,18183,Porto de Santos (SP)
2025-03-31,Mercúrio,Roubo,Baixo,Rodoviário,Sudeste,69353,BR-040 (RJ-MG)
2025-03-31,Mercúrio,Roubo,Alto,Rodoviário,Sudeste,29285,Aeroporto de Guarulhos (GRU)
2025-03-31,Rumo,Roubo,Baixo,Ferroviário,Centro-Oeste,58910,Outra Centro-Oeste
2025-03-31,Mercúrio,Operacional,Alto,Rodoviário,Sudeste,159445,Aeroporto de Guarulhos (GRU)
2025-03-31,Mercúrio,Operacional,Alto,Rodoviário,Sudeste,29223,BR-040 (RJ-MG)
2025-03-31,LATAM Cargo,Operacional,Médio,Aéreo,Sudeste,40556,Porto de Santos (SP)
2025-03-31,Mercúrio,Climático,Baixo,Rodoviário,Sudeste,13832,Porto de Santos (SP)
2025-03-31,Mercúrio,Climático,Baixo,Rodoviário,Sudeste,8403,BR-040 (RJ-MG)
2025-04-01,JSL,Roubo,Baixo,Rodoviário,Sudeste,44700,BR-040 (RJ-MG)
2025-04-01,JSL,Climático,Médio,Rodoviário,Sul,82808,BR-116 (PR-SC)
2025-04-01,Mercúrio,Operacional,Alto,Rodoviário,Sudeste,50484,Porto de Santos (SP)
2025-04-01,Mercúrio,Climático,Baixo,Rodoviário,Sudeste,22553,BR-040 (RJ-MG)
2025-04-01,Brado,Operacional,Alto,Ferroviário,Sul,127734,BR-116 (PR-SC)
2025-04-01,Rumo,Climático,Médio,Ferroviário,Sul,38809,BR-116 (PR-SC)
2025-04-01,Rumo,Acidente,Alto,Ferroviário,Sul,268009,Outra Sul
2025-04-01,LATAM Cargo,Operacional,Alto,Aéreo,Sudeste,56358,Porto de Santos (SP)
2025-04-01,Mercúrio,Acidente,Médio,Rodoviário,Nordeste,15957,Outra Nordeste
2025-04-01,Tegma,Operacional,Baixo,Rodoviário,Sudeste,100632,Outra Sudeste
2025-04-01,Mercúrio,Acidente,Médio,Rodoviário,Sudeste,47050,BR-040 (RJ-MG)
2025-04-02,Mercúrio,Acidente,Baixo,Rodoviário,Norte,43809,Outra Norte
2025-04-02,Mercúrio,Operacional,Médio,Rodoviário,Centro-Oeste,77452,Outra Centro-Oeste
2025-04-02,Rumo,Climático,Médio,Ferroviário,Sudeste,59427,BR-040 (RJ-MG)
2025-04-02,Mercúrio,Roubo,Baixo,Rodoviário,Sudeste,95600,Porto de Santos (SP)
2025-04-02,Tegma,Climático,Médio,Rodoviário,Sudeste,43392,Porto de Santos (SP)
2025-04-02,JSL,Acidente,Médio,Rodoviário,Sudeste,65964,Porto de Santos (SP)
2025-04-02,Rumo,Greve,Alto,Ferroviário,Centro-Oeste,20625,Outra Centro-Oeste
2025-04-02,Mercúrio,Operacional,Baixo,Rodoviário,Centro-Oeste,118947,Outra Centro-Oeste
2025-04-02,Mercúrio,Climático,Baixo,Rodoviário,Sudeste,9398,Porto de Santos (SP)
2025-04-02,Tegma,Operacional,Médio,Rodoviário,Sudeste,9546,Outra Sudeste
2025-04-02,Mercúrio,Operacional,Médio,Rodoviário,Sudeste,124183,BR-040 (RJ-MG)
2025-04-02,Brado,Roubo,Alto,Ferroviário,Sudeste,46856,Outra Sudeste
2025-04-03,Mercúrio,Operacional,Alto,Rodoviário,Nordeste,48378,Outra Nordeste
2025-04-03,Mercúrio,Climático,Médio,Rodoviário,Sudeste,50623,Porto de Santos (SP)
2025-04-03,Rumo,Acidente,Baixo,Ferroviário,Sudeste,71536,BR-040 (RJ-MG)
2025-04-03,Mercúrio,Roubo,Alto,Rodoviário,Centro-Oeste,15315,Outra Centro-Oeste
2025-04-03,Mercúrio,Operacional,Baixo,Rodoviário,Sudeste,29024,Aeroporto de Guarulhos (GRU)
2025-04-03,Mercúrio,Operacional,Baixo,Rodoviário,Sudeste,13010,Outra Sudeste
2025-04-04,Brado,Roubo,Médio,Ferroviário,Sudeste,15930,Outra Sudeste
2025-04-04,Mercúrio,Climático,Médio,Rodoviário,Norte,114677,Outra Norte
2025-04-04,Tegma,Operacional,Médio,Rodoviário,Sudeste,15790,BR-040 (RJ-MG)
2025-04-04,Brado,Roubo,Alto,Rodoviário,Sudeste,66108,BR-040 (RJ-MG)
2025-04-04,LATAM Cargo,Roubo,Médio,Aéreo,Sul,252433,Outra Sul
2025-04-04,Mercúrio,Climático,Médio,Rodoviário,Sudeste,195343,Outra Sudeste
2025-04-05,Rumo,Operacional,Alto,Ferroviário,Sudeste,31306,Outra Sudeste
2025-04-05,Mercúrio,Roubo,Médio,Rodoviário,Centro-Oeste,94229,Outra Centro-Oeste
2025-04-05,Mercúrio,Roubo,Alto,Rodoviário,Sudeste,52404,Porto de Santos (SP)
2025-04-05,Brado,Roubo,Baixo,Ferroviário,Sul,54184,Outra Sul
2025-04-06,Mercúrio,Operacional,Médio,Rodoviário,Sudeste,12985,Aeroporto de Guarulhos (GRU)
2025-04-06,Tegma,Operacional,Alto,Rodoviário,Nordeste,29415,Outra Nordeste
2025-04-06,Mercúrio,Climático,Alto,Rodoviário,Sudeste,350113,BR-040 (RJ-MG)
2025-04-06,Rumo,Operacional,Baixo,Ferroviário,Sudeste,8107,Porto de Santos (SP)
2025-04-06,Mercúrio,Operacional,Baixo,Rodoviário,Sul,17561,BR-116 (PR-SC)
2025-04-06,Mercúrio,Greve,Alto,Rodoviário,Sudeste,43267,BR-040 (RJ-MG)
2025-04-06,JSL,Climático,Baixo,Rodoviário,Sudeste,189329,Aeroporto de Guarulhos (GRU)
2025-04-06,Mercúrio,Operacional,Alto,Rodoviário,Nordeste,135233,Outra Nordeste
2025-04-06,Mercúrio,Climático,Alto,Rodoviário,Nordeste,146973,Outra Nordeste
2025-04-06,Tegma,Operacional,Baixo,Rodoviário,Centro-Oeste,21490,Outra Centro-Oeste
2025-04-06,Rumo,Operacional,Médio,Ferroviário,Sudeste,37569,Outra Sudeste
2025-04-06,Tegma,Climático,Baixo,Rodoviário,Sudeste,13927,Porto de Santos (SP)
2025-04-06,JSL,Acidente,Médio,Rodoviário,Nordeste,146006,Outra Nordeste
2025-04-06,Mercúrio,Climático,Baixo,Rodoviário,Sudeste,37271,BR-040 (RJ-MG)
2025-04-07,Tegma,Operacional,Alto,Rodoviário,Sudeste,96538,Porto de Santos (SP)
2025-04-07,Mercúrio,Climático,Baixo,Rodoviário,Norte,86950,Outra Norte
2025-04-07,JSL,Climático,Alto,Rodoviário,Sudeste,73423,Aeroporto de Guarulhos (GRU)
2025-04-07,Brado,Roubo,Baixo,Ferroviário,Nordeste,25357,Outra Nordeste
2025-04-07,Rumo,Roubo,Baixo,Ferroviário,Sudeste,32832,Aeroporto de Guarulhos (GRU)
2025-04-07,Mercúrio,Climático,Alto,Rodoviário,Sudeste,109427,Porto de Santos (SP)
2025-04-07,Mercúrio,Climático,Médio,Rodoviário,Sudeste,137001,BR-040 (RJ-MG)
2025-04-07,Mercúrio,Operacional,Baixo,Rodoviário,Sudeste,142864,Aeroporto de Guarulhos (GRU)
2025-04-08,LATAM Cargo,Acidente,Médio,Aéreo,Nordeste,70569,Outra Nordeste
2025-04-08,Rumo,Roubo,Alto,Ferroviário,Sudeste,22862,BR-040 (RJ-MG)
2025-04-08,JSL,Roubo,Alto,Rodoviário,Centro-Oeste,38672,Outra Centro-Oeste
2025-04-08,Mercúrio,Acidente,Médio,Rodoviário,Sul,83894,BR-116 (PR-SC)
2025-04-08,Rumo,Roubo,Baixo,Ferroviário,Sudeste,32113,BR-040 (RJ-MG)
2025-04-08,LATAM Cargo,Acidente,Baixo,Aéreo,Sudeste,24521,Outra Sudeste
2025-04-08,Brado,Climático,Baixo,Ferroviário,Sudeste,55396,Porto de Santos (SP)
2025-04-08,Brado,Operacional,Médio,Ferroviário,Centro-Oeste,74517,Outra Centro-Oeste
2025-04-08,Mercúrio,Climático,Baixo,Rodoviário,Sudeste,95987,Outra Sudeste
2025-04-08,Mercúrio,Climático,Médio,Rodoviário,Nordeste,37800,Outra Nordeste
2025-04-08,Tegma,Acidente,Médio,Rodoviário,Sudeste,110435,Porto de Santos (SP)
2025-04-08,Mercúrio,Climático,Baixo,Rodoviário,Sudeste,53388,BR-040 (RJ-MG)
2025-04-08,Tegma,Operacional,Médio,Rodoviário,Sudeste,74007,Porto de Santos (SP)
2025-04-08,JSL,Climático,Médio,Rodoviário,Sudeste,96804,BR-040 (RJ-MG)
2025-04-09,Brado,Roubo,Médio,Rodoviário,Sudeste,51825,Porto de Santos (SP)
2025-04-09,Mercúrio,Roubo,Alto,Rodoviário,Sudeste,76570,Aeroporto de Guarulhos (GRU)
2025-04-09,JSL,Climático,Médio,Rodoviário,Nordeste,70995,Outra Nordeste
2025-04-09,Rumo,Acidente,Médio,Ferroviário,Nordeste,36580,Outra Nordeste
2025-04-09,Tegma,Operacional,Alto,Rodoviário,Sudeste,144208,BR-040 (RJ-MG)
2025-04-09,Brado,Roubo,Baixo,Rodoviário,Sudeste,24952,Outra Sudeste
2025-04-09,Mercúrio,Roubo,Baixo,Rodoviário,Sudeste,10487,Porto de Santos (SP)
2025-04-09,Mercúrio,Greve,Baixo,Rodoviário,Centro-Oeste,18261,Outra Centro-Oeste
2025-04-10,Mercúrio,Roubo,Baixo,Rodoviário,Nordeste,30899,Outra Nordeste
2025-04-10,Brado,Roubo,Alto,Ferroviário,Sudeste,29224,Aeroporto de Guarulhos (GRU)
2025-04-10,Mercúrio,Climático,Baixo,Rodoviário,Sudeste,76908,BR-040 (RJ-MG)
2025-04-10,Rumo,Operacional,Baixo,Ferroviário,Sul,33166,Outra Sul
2025-04-10,Mercúrio,Operacional,Médio,Rodoviário,Sudeste,9853,Porto de Santos (SP)
2025-04-11,LATAM Cargo,Acidente,Baixo,Aéreo,Centro-Oeste,115791,Outra Centro-Oeste
2025-04-11,Tegma,Operacional,Baixo,Rodoviário,Sudeste,7680,Outra Sudeste
2025-04-11,LATAM Cargo,Acidente,Baixo,Aéreo,Norte,23936,Outra Norte
2025-04-11,Rumo,Roubo,Médio,Ferroviário,Centro-Oeste,9900,Outra Centro-Oeste
2025-04-11,JSL,Climático,Alto,Rodoviário,Sudeste,36465,BR-040 (RJ-MG)
2025-04-11,LATAM Cargo,Acidente,Baixo,Aéreo,Sudeste,158504,Porto de Santos (SP)
2025-04-11,JSL,Climático,Baixo,Rodoviário,Sudeste,31810,BR-040 (RJ-MG)
2025-04-11,Mercúrio,Climático,Médio,Rodoviário,Sudeste,12923,Outra Sudeste
2025-04-11,Tegma,Operacional,Médio,Rodoviário,Sudeste,18977,Aeroporto de Guarulhos (GRU)
2025-04-11,Rumo,Roubo,Baixo,Ferroviário,Centro-Oeste,19048,Outra Centro-Oeste
2025-04-11,Tegma,Operacional,Baixo,Rodoviário,Sudeste,30200,Outra Sudeste
2025-04-11,Mercúrio,Operacional,Baixo,Rodoviário,Sudeste,40909,Aeroporto de Guarulhos (GRU)
2025-04-11,Rumo,Operacional,Médio,Ferroviário,Sudeste,43583,Aeroporto de Guarulhos (GRU)
2025-04-11,Tegma,Operacional,Médio,Rodoviário,Sudeste,22831,BR-040 (RJ-MG)
2025-04-11,Mercúrio,Roubo,Alto,Rodoviário,Sudeste,48502,BR-040 (RJ-MG)
2025-04-11,Mercúrio,Climático,Médio,Rodoviário,Sudeste,16668,Aeroporto de Guarulhos (GRU)
2025-04-12,LATAM Cargo,Operacional,Alto,Aéreo,Sudeste,96850,BR-040 (RJ-MG)
2025-04-12,LATAM Cargo,Acidente,Alto,Aéreo,Sudeste,28657,BR-040 (RJ-MG)
2025-04-12,Tegma,Roubo,Médio,Rodoviário,Sudeste,220499,BR-040 (RJ-MG)
2025-04-12,JSL,Climático,Médio,Rodoviário,Nordeste,20502,Outra Nordeste
2025-04-12,JSL,Roubo,Alto,Rodoviário,Sudeste,104280,BR-040 (RJ-MG)
2025-04-12,Brado,Acidente,Alto,Ferroviário,Sudeste,126961,Outra Sudeste
2025-04-12,Mercúrio,Operacional,Médio,Rodoviário,Nordeste,62528,Outra Nordeste
2025-04-12,Mercúrio,Climático,Médio,Rodoviário,Sudeste,30444,Aeroporto de Guarulhos (GRU)
2025-04-12,Rumo,Acidente,Baixo,Ferroviário,Nordeste,14800,Outra Nordeste
2025-04-12,LATAM Cargo,Operacional,Baixo,Aéreo,Sudeste,20274,Outra Sudeste
2025-04-12,Rumo,Climático,Baixo,Ferroviário,Sudeste,33017,Outra Sudeste
2025-04-12,Mercúrio,Climático,Baixo,Rodoviário,Sudeste,45914,BR-040 (RJ-MG)
2025-04-13,Mercúrio,Roubo,Médio,Rodoviário,Sul,10672,Outra Sul
2025-04-13,Mercúrio,Climático,Médio,Rodoviário,Sudeste,29747,Porto de Santos (SP)
2025-04-13,Mercúrio,Roubo,Baixo,Rodoviário,Sudeste,23343,Porto de Santos (SP)
2025-04-13,Mercúrio,Roubo,Baixo,Rodoviário,Sul,12027,BR-116 (PR-SC)
2025-04-14,LATAM Cargo,Operacional,Baixo,Aéreo,Sudeste,12405,Porto de Santos (SP)
2025-04-14,Mercúrio,Operacional,Alto,Rodoviário,Sul,70409,BR-116 (PR-SC)
2025-04-14,LATAM Cargo,Operacional,Médio,Aéreo,Sudeste,47615,Porto de Santos (SP)
2025-04-14,Rumo,Operacional,Alto,Ferroviário,Sudeste,44628,Porto de Santos (SP)
2025-04-14,Mercúrio,Roubo,Médio,Rodoviário,Sudeste,23606,Porto de Santos (SP)
2025-04-14,Mercúrio,Operacional,Médio,Rodoviário,Sudeste,45337,Porto de Santos (SP)
2025-04-15,Brado,Roubo,Baixo,Ferroviário,Sudeste,8712,Outra Sudeste
2025-04-15,Brado,Roubo,Alto,Ferroviário,Sul,25505,BR-116 (PR-SC)
2025-04-15,JSL,Roubo,Baixo,Rodoviário,Nordeste,16786,Outra Nordeste
2025-04-15,Tegma,Operacional,Alto,Rodoviário,Sudeste,1250822,Aeroporto de Guarulhos (GRU)
2025-04-15,Rumo,Roubo,Alto,Ferroviário,Sudeste,28907,Porto de Santos (SP)
2025-04-15,LATAM Cargo,Roubo,Baixo,Aéreo,Nordeste,41163,Outra Nordeste
2025-04-16,JSL,Climático,Médio,Rodoviário,Norte,9842,Outra Norte
2025-04-16,JSL,Operacional,Médio,Rodoviário,Sudeste,61010,BR-040 (RJ-MG)
2025-04-16,Mercúrio,Roubo,Médio,Rodoviário,Sul,10271,Outra Sul
2025-04-16,Mercúrio,Climático,Alto,Rodoviário,Sudeste,68740,BR-040 (RJ-MG)
2025-04-16,JSL,Roubo,Alto,Rodoviário,Sudeste,62691,BR-040 (RJ-MG)
2025-04-17,LATAM Cargo,Acidente,Médio,Aéreo,Sudeste,95270,Porto de Santos (SP)
2025-04-17,Mercúrio,Acidente,Alto,Rodoviário,Sul,58943,Outra Sul
2025-04-17,Mercúrio,Roubo,Médio,Rodoviário,Sudeste,83805,Aeroporto de Guarulhos (GRU)
2025-04-17,Brado,Roubo,Médio,Ferroviário,Sudeste,44769,Aeroporto de Guarulhos (GRU)
2025-04-17,Mercúrio,Climático,Médio,Rodoviário,Sudeste,13074,Porto de Santos (SP)
2025-04-18,Mercúrio,Roubo,Médio,Rodoviário,Nordeste,38535,Outra Nordeste
2025-04-18,Rumo,Roubo,Baixo,Ferroviário,Sul,30329,BR-116 (PR-SC)
2025-04-18,Rumo,Roubo,Baixo,Ferroviário,Sudeste,23641,BR-040 (RJ-MG)
2025-04-18,Mercúrio,Acidente,Baixo,Rodoviário,Sudeste,26015,Outra Sudeste
2025-04-18,Mercúrio,Climático,Alto,Rodoviário,Sul,61453,Outra Sul
2025-04-18,Brado,Roubo,Médio,Ferroviário,Sudeste,59488,Porto de Santos (SP)
2025-04-19,Rumo,Acidente,Baixo,Ferroviário,Sul,28306,BR-116 (PR-SC)
2025-04-19,Mercúrio,Operacional,Baixo,Rodoviário,Sudeste,30055,BR-040 (RJ-MG)
2025-04-19,Mercúrio,Climático,Médio,Rodoviário,Centro-Oeste,28903,Outra Centro-Oeste
2025-04-19,Mercúrio,Operacional,Médio,Rodoviário,Sudeste,45705,BR-040 (RJ-MG)
2025-04-19,Mercúrio,Climático,Baixo,Rodoviário,Centro-Oeste,6199,Outra Centro-Oeste
2025-04-19,Rumo,Roubo,Baixo,Ferroviário,Sudeste,37694,BR-040 (RJ-MG)
2025-04-19,Brado,Roubo,Baixo,Ferroviário,Sudeste,142517,BR-040 (RJ-MG)
2025-04-20,LATAM Cargo,Acidente,Baixo,Aéreo,Sudeste,59681,Outra Sudeste
2025-04-20,LATAM Cargo,Operacional,Alto,Aéreo,Centro-Oeste,260711,Outra Centro-Oeste
2025-04-20,LATAM Cargo,Climático,Alto,Aéreo,Sudeste,21232,Aeroporto de Guarulhos (GRU)
2025-04-20,Rumo,Operacional,Médio,Ferroviário,Norte,149535,Outra Norte
2025-04-20,Brado,Climático,Médio,Ferroviário,Sudeste,35871,BR-040 (RJ-MG)
2025-04-20,Tegma,Roubo,Baixo,Rodoviário,Sul,22427,Outra Sul
2025-04-20,JSL,Roubo,Baixo,Rodoviário,Sudeste,9621,BR-040 (RJ-MG)
2025-04-20,Rumo,Operacional,Baixo,Ferroviário,Sul,14295,Outra Sul
2025-04-20,Rumo,Climático,Baixo,Ferroviário,Sul,30963,Outra Sul
2025-04-20,Mercúrio,Climático,Médio,Rodoviário,Sudeste,100790,Outra Sudeste
2025-04-21,LATAM Cargo,Operacional,Médio,Aéreo,Sudeste,75837,Porto de Santos (SP)
2025-04-21,LATAM Cargo,Climático,Alto,Aéreo,Norte,32994,Outra Norte
2025-04-21,JSL,Climático,Médio,Rodoviário,Sul,68579,Outra Sul
2025-04-21,Tegma,Operacional,Baixo,Rodoviário,Sudeste,25676,Aeroporto de Guarulhos (GRU)
2025-04-21,Brado,Roubo,Alto,Rodoviário,Sudeste,49385,Porto de Santos (SP)
2025-04-22,Brado,Roubo,Alto,Ferroviário,Sudeste,37941,Porto de Santos (SP)
2025-04-22,Rumo,Acidente,Baixo,Ferroviário,Sudeste,106202,Outra Sudeste
2025-04-22,LATAM Cargo,Roubo,Alto,Aéreo,Sudeste,29131,BR-040 (RJ-MG)
2025-04-22,Mercúrio,Acidente,Baixo,Rodoviário,Sudeste,32363,BR-040 (RJ-MG)
2025-04-22,Mercúrio,Acidente,Alto,Rodoviário,Sul,10482,Outra Sul
2025-04-22,Brado,Operacional,Alto,Ferroviário,Centro-Oeste,98909,Outra Centro-Oeste
2025-04-22,Mercúrio,Climático,Baixo,Rodoviário,Sudeste,103928,Aeroporto de Guarulhos (GRU)
2025-04-22,Mercúrio,Climático,Baixo,Rodoviário,Nordeste,21514,Outra Nordeste
2025-04-22,Brado,Roubo,Baixo,Rodoviário,Nordeste,60798,Outra Nordeste
2025-04-22,LATAM Cargo,Roubo,Baixo,Aéreo,Sudeste,27304,Outra Sudeste
2025-04-23,Brado,Roubo,Médio,Ferroviário,Nordeste,66008,Outra Nordeste
2025-04-23,JSL,Climático,Médio,Rodoviário,Norte,101223,Outra Norte
2025-04-23,Mercúrio,Roubo,Baixo,Rodoviário,Norte,34410,Outra Norte
2025-04-23,Mercúrio,Climático,Médio,Rodoviário,Sudeste,71165,Outra Sudeste
2025-04-24,JSL,Climático,Médio,Rodoviário,Sul,56031,Outra Sul
2025-04-24,Mercúrio,Roubo,Baixo,Rodoviário,Sul,38294,Outra Sul
2025-04-24,Rumo,Climático,Médio,Ferroviário,Sul,37381,Outra Sul
2025-04-24,Mercúrio,Operacional,Alto,Rodoviário,Sudeste,15074,BR-040 (RJ-MG)
2025-04-24,Mercúrio,Climático,Médio,Rodoviário,Sudeste,112662,Aeroporto de Guarulhos (GRU)
2025-04-24,Brado,Roubo,Médio,Rodoviário,Sudeste,29179,Outra Sudeste
2025-04-24,Brado,Operacional,Médio,Rodoviário,Sudeste,162318,Aeroporto de Guarulhos (GRU)
2025-04-24,Mercúrio,Climático,Alto,Rodoviário,Sudeste,46936,Porto de Santos (SP)
2025-04-25,Mercúrio,Roubo,Médio,Rodoviário,Sudeste,30563,BR-040 (RJ-MG)
2025-04-25,Mercúrio,Roubo,Baixo,Rodoviário,Nordeste,13089,Outra Nordeste
2025-04-25,JSL,Climático,Baixo,Rodoviário,Sudeste,15700,Porto de Santos (SP)
2025-04-26,Rumo,Acidente,Médio,Ferroviário,Sudeste,35515,Aeroporto de Guarulhos (GRU)
2025-04-26,Mercúrio,Roubo,Baixo,Rodoviário,Sul,31133,BR-116 (PR-SC)
2025-04-26,Rumo,Acidente,Alto,Ferroviário,Sudeste,81848,Porto de Santos (SP)
2025-04-26,Mercúrio,Operacional,Alto,Rodoviário,Sudeste,107601,BR-040 (RJ-MG)
2025-04-26,Tegma,Climático,Alto,Rodoviário,Sudeste,22981,BR-040 (RJ-MG)
2025-04-26,Tegma,Operacional,Alto,Rodoviário,Sudeste,38027,BR-040 (RJ-MG)
2025-04-27,Tegma,Operacional,Alto,Rodoviário,Sudeste,103090,Porto de Santos (SP)
2025-04-27,Mercúrio,Roubo,Baixo,Rodoviário,Sudeste,7124,BR-040 (RJ-MG)
2025-04-27,JSL,Climático,Médio,Rodoviário,Centro-Oeste,24497,Outra Centro-Oeste
2025-04-27,Mercúrio,Roubo,Médio,Rodoviário,Centro-Oeste,94419,Outra Centro-Oeste
2025-04-27,Mercúrio,Climático,Médio,Rodoviário,Sudeste,13883,Porto de Santos (SP)
2025-04-27,Rumo,Roubo,Médio,Ferroviário,Sudeste,21152,BR-040 (RJ-MG)
2025-04-27,Tegma,Operacional,Alto,Rodoviário,Norte,183122,Outra Norte
2025-04-27,JSL,Climático,Médio,Rodoviário,Sul,14906,Outra Sul
2025-04-27,Tegma,Acidente,Médio,Rodoviário,Sudeste,43405,Aeroporto de Guarulhos (GRU)
2025-04-28,JSL,Climático,Médio,Rodoviário,Sudeste,85618,Aeroporto de Guarulhos (GRU)
2025-04-28,LATAM Cargo,Acidente,Alto,Aéreo,Centro-Oeste,97625,Outra Centro-Oeste
2025-04-28,Mercúrio,Operacional,Baixo,Rodoviário,Sudeste,38921,BR-040 (RJ-MG)
2025-04-28,Tegma,Operacional,Baixo,Rodoviário,Centro-Oeste,41454,Outra Centro-Oeste
2025-04-28,Mercúrio,Roubo,Alto,Rodoviário,Nordeste,50857,Outra Nordeste
2025-04-28,Mercúrio,Climático,Médio,Rodoviário,Sudeste,11204,Aeroporto de Guarulhos (GRU)
2025-04-28,Mercúrio,Operacional,Baixo,Rodoviário,Centro-Oeste,42488,Outra Centro-Oeste
2025-04-28,Brado,Operacional,Baixo,Ferroviário,Sul,26976,Outra Sul
2025-04-28,JSL,Climático,Alto,Rodoviário,Sudeste,107680,Outra Sudeste
2025-04-29,LATAM Cargo,Greve,Baixo,Aéreo,Sul,17800,BR-116 (PR-SC)
2025-04-29,Mercúrio,Climático,Baixo,Rodoviário,Sudeste,64534,Porto de Santos (SP)
2025-04-29,LATAM Cargo,Acidente,Médio,Aéreo,Sul,59688,BR-116 (PR-SC)
2025-04-29,Mercúrio,Climático,Médio,Rodoviário,Nordeste,79364,Outra Nordeste
2025-04-29,Mercúrio,Climático,Alto,Rodoviário,Sudeste,142908,BR-040 (RJ-MG)
2025-04-29,Brado,Roubo,Baixo,Ferroviário,Norte,50985,Outra Norte
2025-04-29,Mercúrio,Climático,Baixo,Rodoviário,Sudeste,59733,BR-040 (RJ-MG)
2025-04-29,Rumo,Acidente,Baixo,Ferroviário,Sudeste,43516,BR-040 (RJ-MG)
2025-04-29,Mercúrio,Roubo,Baixo,Rodoviário,Sudeste,44473,Aeroporto de Guarulhos (GRU)
2025-04-30,LATAM Cargo,Operacional,Alto,Aéreo,Sudeste,66210,Porto de Santos (SP)
2025-04-30,Tegma,Operacional,Baixo,Rodoviário,Sudeste,63111,BR-040 (RJ-MG)
2025-04-30,LATAM Cargo,Operacional,Baixo,Aéreo,Sudeste,24784,Outra Sudeste
2025-04-30,JSL,Climático,Alto,Rodoviário,Sudeste,118253,Outra Sudeste
2025-04-30,Mercúrio,Acidente,Baixo,Rodoviário,Norte,26003,Outra Norte
2025-05-01,Mercúrio,Operacional,Médio,Rodoviário,Nordeste,78975,Outra Nordeste
2025-05-01,JSL,Greve,Baixo,Rodoviário,Norte,87758,Outra Norte
2025-05-01,Brado,Roubo,Médio,Rodoviário,Sudeste,40615,Porto de Santos (SP)
2025-05-01,Tegma,Roubo,Médio,Rodoviário,Sul,33913,Outra Sul
2025-05-01,Mercúrio,Climático,Baixo,Rodoviário,Sudeste,11488,Porto de Santos (SP)
2025-05-01,Mercúrio,Roubo,Alto,Rodoviário,Sudeste,42538,Porto de Santos (SP)
2025-05-01,Brado,Climático,Médio,Ferroviário,Sudeste,37815,Porto de Santos (SP)
2025-05-01,Mercúrio,Climático,Médio,Rodoviário,Sudeste,195646,BR-040 (RJ-MG)
2025-05-02,Rumo,Operacional,Médio,Ferroviário,Sul,48027,Outra Sul
2025-05-02,Brado,Roubo,Médio,Ferroviário,Sudeste,98720,Porto de Santos (SP)
2025-05-02,Mercúrio,Climático,Baixo,Rodoviário,Nordeste,12655,Outra Nordeste
2025-05-02,Brado,Acidente,Alto,Ferroviário,Sudeste,123805,Outra Sudeste
2025-05-02,Mercúrio,Climático,Baixo,Rodoviário,Sul,58882,BR-116 (PR-SC)
2025-05-02,LATAM Cargo,Operacional,Baixo,Aéreo,Sudeste,19971,BR-040 (RJ-MG)
2025-05-02,Rumo,Climático,Médio,Ferroviário,Nordeste,74828,Outra Nordeste
2025-05-02,Mercúrio,Operacional,Baixo,Rodoviário,Sul,41365,BR-116 (PR-SC)
2025-05-02,Brado,Roubo,Médio,Ferroviário,Sul,9537,Outra Sul
2025-05-02,Rumo,Operacional,Alto,Ferroviário,Sudeste,34810,Porto de Santos (SP)
2025-05-02,LATAM Cargo,Roubo,Médio,Aéreo,Nordeste,33806,Outra Nordeste
2025-05-02,Mercúrio,Roubo,Baixo,Rodoviário,Centro-Oeste,14262,Outra Centro-Oeste
2025-05-03,Mercúrio,Climático,Alto,Rodoviário,Sudeste,38896,Porto de Santos (SP)
2025-05-03,Tegma,Operacional,Baixo,Rodoviário,Sudeste,6500,Porto de Santos (SP)
2025-05-03,Mercúrio,Climático,Baixo,Rodoviário,Sul,27457,Outra Sul
2025-05-03,LATAM Cargo,Operacional,Alto,Aéreo,Sudeste,50226,BR-040 (RJ-MG)
2025-05-03,Mercúrio,Climático,Alto,Rodoviário,Sudeste,102705,BR-040 (RJ-MG)
2025-05-03,Tegma,Climático,Baixo,Rodoviário,Sudeste,11594,Aeroporto de Guarulhos (GRU)
2025-05-03,Mercúrio,Climático,Alto,Rodoviário,Sul,58034,Outra Sul
2025-05-03,Rumo,Climático,Baixo,Ferroviário,Nordeste,24589,Outra Nordeste
2025-05-03,Brado,Roubo,Baixo,Rodoviário,Sul,15607,BR-116 (PR-SC)
2025-05-04,Rumo,Climático,Alto,Ferroviário,Sudeste,38975,Aeroporto de Guarulhos (GRU)
2025-05-04,Tegma,Roubo,Alto,Rodoviário,Sul,205911,Outra Sul
2025-05-04,Mercúrio,Acidente,Baixo,Rodoviário,Sudeste,65625,BR-040 (RJ-MG)
2025-05-04,Mercúrio,Climático,Alto,Rodoviário,Nordeste,70180,Outra Nordeste
2025-05-04,Rumo,Acidente,Baixo,Ferroviário,Sudeste,29786,Aeroporto de Guarulhos (GRU)
2025-05-04,Rumo,Roubo,Alto,Ferroviário,Sudeste,268864,Outra Sudeste
2025-05-04,Mercúrio,Climático,Alto,Rodoviário,Sul,48084,Outra Sul
2025-05-04,Mercúrio,Roubo,Médio,Rodoviário,Nordeste,65865,Outra Nordeste
2025-05-05,JSL,Climático,Alto,Rodoviário,Sudeste,100782,Aeroporto de Guarulhos (GRU)
2025-05-05,Mercúrio,Operacional,Baixo,Rodoviário,Sudeste,22656,Porto de Santos (SP)
2025-05-05,Mercúrio,Operacional,Alto,Rodoviário,Centro-Oeste,112137,Outra Centro-Oeste
2025-05-05,Brado,Roubo,Baixo,Rodoviário,Sudeste,111261,Aeroporto de Guarulhos (GRU)
2025-05-05,Brado,Climático,Baixo,Ferroviário,Sudeste,27581,Aeroporto de Guarulhos (GRU)
2025-05-06,JSL,Roubo,Baixo,Rodoviário,Nordeste,20111,Outra Nordeste
2025-05-06,Brado,Roubo,Alto,Ferroviário,Nordeste,76968,Outra Nordeste
2025-05-06,Mercúrio,Roubo,Médio,Rodoviário,Sul,44212,Outra Sul
2025-05-06,Tegma,Operacional,Médio,Rodoviário,Centro-Oeste,17170,Outra Centro-Oeste
2025-05-06,LATAM Cargo,Roubo,Baixo,Aéreo,Sudeste,71085,Outra Sudeste
2025-05-06,Mercúrio,Climático,Médio,Rodoviário,Sudeste,11274,BR-040 (RJ-MG)
2025-05-06,JSL,Climático,Alto,Rodoviário,Sudeste,138166,BR-040 (RJ-MG)
2025-05-06,Brado,Roubo,Médio,Ferroviário,Norte,85972,Outra Norte
2025-05-06,Mercúrio,Climático,Baixo,Rodoviário,Sudeste,19651,Aeroporto de Guarulhos (GRU)
2025-05-07,LATAM Cargo,Roubo,Alto,Aéreo,Nordeste,81950,Outra Nordeste
2025-05-07,Mercúrio,Acidente,Médio,Rodoviário,Sudeste,28295,Porto de Santos (SP)
2025-05-07,Brado,Roubo,Alto,Rodoviário,Sudeste,41899,Porto de Santos (SP)
2025-05-07,Tegma,Operacional,Alto,Rodoviário,Sudeste,40915,Porto de Santos (SP)
2025-05-07,Brado,Roubo,Médio,Ferroviário,Sul,71588,Outra Sul
2025-05-07,Mercúrio,Climático,Alto,Rodoviário,Sudeste,42225,Aeroporto de Guarulhos (GRU)
2025-05-07,LATAM Cargo,Roubo,Baixo,Aéreo,Centro-Oeste,38197,Outra Centro-Oeste
2025-05-07,Brado,Roubo,Baixo,Rodoviário,Sudeste,24142,Porto de Santos (SP)
2025-05-08,Rumo,Roubo,Alto,Ferroviário,Sudeste,18622,Porto de Santos (SP)
2025-05-08,Tegma,Operacional,Alto,Rodoviário,Sudeste,337240,Porto de Santos (SP)
2025-05-08,JSL,Acidente,Alto,Rodoviário,Centro-Oeste,178562,Outra Centro-Oeste
2025-05-09,Rumo,Acidente,Médio,Ferroviário,Sudeste,103195,BR-040 (RJ-MG)
2025-05-09,Mercúrio,Climático,Baixo,Rodoviário,Sudeste,24818,Outra Sudeste
2025-05-10,Mercúrio,Climático,Médio,Rodoviário,Sudeste,27084,BR-040 (RJ-MG)
2025-05-10,Brado,Roubo,Baixo,Ferroviário,Sudeste,30829,BR-040 (RJ-MG)
2025-05-10,Mercúrio,Climático,Médio,Rodoviário,Sudeste,29417,Porto de Santos (SP)
2025-05-10,JSL,Greve,Baixo,Rodoviário,Sudeste,23851,Outra Sudeste
2025-05-10,Mercúrio,Acidente,Baixo,Rodoviário,Sudeste,112260,Porto de Santos (SP)
2025-05-10,Tegma,Operacional,Médio,Rodoviário,Centro-Oeste,32751,Outra Centro-Oeste
2025-05-10,Rumo,Roubo,Médio,Ferroviário,Sudeste,15632,BR-040 (RJ-MG)
2025-05-10,LATAM Cargo,Acidente,Baixo,Aéreo,Nordeste,37681,Outra Nordeste
2025-05-10,JSL,Climático,Alto,Rodoviário,Sudeste,74427,Aeroporto de Guarulhos (GRU)
2025-05-10,Rumo,Operacional,Médio,Ferroviário,Sul,68134,BR-116 (PR-SC)
2025-05-11,JSL,Climático,Baixo,Rodoviário,Sudeste,7321,Porto de Santos (SP)
2025-05-11,Mercúrio,Roubo,Alto,Rodoviário,Nordeste,145803,Outra Nordeste
2025-05-11,Mercúrio,Roubo,Alto,Rodoviário,Sudeste,14821,BR-040 (RJ-MG)
2025-05-11,Mercúrio,Greve,Baixo,Rodoviário,Sudeste,6639,BR-040 (RJ-MG)
2025-05-12,Rumo,Acidente,Médio,Ferroviário,Sudeste,146726,BR-040 (RJ-MG)
2025-05-12,Brado,Acidente,Médio,Ferroviário,Sudeste,18246,Aeroporto de Guarulhos (GRU)
2025-05-12,Mercúrio,Roubo,Alto,Rodoviário,Sul,32357,Outra Sul
2025-05-12,JSL,Operacional,Baixo,Rodoviário,Centro-Oeste,13776,Outra Centro-Oeste
2025-05-12,Rumo,Roubo,Alto,Ferroviário,Sudeste,42722,Porto de Santos (SP)
2025-05-12,Brado,Roubo,Alto,Rodoviário,Sudeste,252875,Porto de Santos (SP)
2025-05-12,Brado,Roubo,Baixo,Rodoviário,Sudeste,18560,Aeroporto de Guarulhos (GRU)
2025-05-13,Brado,Roubo,Médio,Rodoviário,Sudeste,51653,Aeroporto de Guarulhos (GRU)
2025-05-13,Mercúrio,Climático,Baixo,Rodoviário,Sudeste,29058,Porto de Santos (SP)
2025-05-13,Tegma,Acidente,Alto,Rodoviário,Sudeste,101358,BR-040 (RJ-MG)
2025-05-13,Mercúrio,Climático,Baixo,Rodoviário,Sudeste,15819,Aeroporto de Guarulhos (GRU)
2025-05-13,Rumo,Operacional,Médio,Ferroviário,Nordeste,170818,Outra Nordeste
2025-05-13,LATAM Cargo,Roubo,Alto,Aéreo,Norte,188035,Outra Norte
2025-05-13,Rumo,Roubo,Baixo,Ferroviário,Sul,60641,Outra Sul
2025-05-14,Tegma,Operacional,Baixo,Rodoviário,Sudeste,43790,Outra Sudeste
2025-05-14,Rumo,Roubo,Alto,Ferroviário,Sudeste,60996,Porto de Santos (SP)
2025-05-14,Brado,Roubo,Baixo,Ferroviário,Sudeste,45247,Outra Sudeste
2025-05-14,Mercúrio,Acidente,Médio,Rodoviário,Nordeste,58645,Outra Nordeste
2025-05-14,Mercúrio,Climático,Alto,Rodoviário,Centro-Oeste,56806,Outra Centro-Oeste
2025-05-14,Brado,Roubo,Baixo,Ferroviário,Sudeste,8770,Aeroporto de Guarulhos (GRU)
2025-05-14,Mercúrio,Roubo,Baixo,Rodoviário,Centro-Oeste,43751,Outra Centro-Oeste
2025-05-14,Mercúrio,Climático,Baixo,Rodoviário,Sudeste,34171,BR-040 (RJ-MG)
2025-05-14,Brado,Roubo,Médio,Rodoviário,Sudeste,77501,BR-040 (RJ-MG)
2025-05-15,LATAM Cargo,Climático,Médio,Aéreo,Sul,45367,Outra Sul
2025-05-15,Brado,Roubo,Alto,Ferroviário,Sudeste,17941,Outra Sudeste
2025-05-15,Mercúrio,Climático,Baixo,Rodoviário,Sudeste,14744,Aeroporto de Guarulhos (GRU)
2025-05-15,Brado,Roubo,Médio,Ferroviário,Sudeste,57794,BR-040 (RJ-MG)
2025-05-15,Rumo,Roubo,Médio,Ferroviário,Sudeste,24832,Outra Sudeste
2025-05-15,LATAM Cargo,Roubo,Baixo,Aéreo,Sudeste,23389,Outra Sudeste
2025-05-15,Rumo,Acidente,Médio,Ferroviário,Sudeste,64263,BR-040 (RJ-MG)
2025-05-15,Mercúrio,Greve,Médio,Rodoviário,Sudeste,17402,Porto de Santos (SP)
2025-05-15,JSL,Climático,Baixo,Rodoviário,Centro-Oeste,10487,Outra Centro-Oeste
2025-05-15,Rumo,Roubo,Médio,Ferroviário,Sul,22046,BR-116 (PR-SC)
2025-05-15,LATAM Cargo,Roubo,Baixo,Aéreo,Sul,12054,BR-116 (PR-SC)
2025-05-16,Rumo,Operacional,Médio,Ferroviário,Sul,38190,Outra Sul
2025-05-16,Mercúrio,Climático,Médio,Rodoviário,Sul,16184,Outra Sul
2025-05-16,Mercúrio,Acidente,Médio,Rodoviário,Norte,167386,Outra Norte
2025-05-16,Mercúrio,Roubo,Baixo,Rodoviário,Norte,77463,Outra Norte
2025-05-16,Mercúrio,Operacional,Baixo,Rodoviário,Sudeste,79246,Outra Sudeste
2025-05-16,JSL,Climático,Alto,Rodoviário,Sudeste,133903,Outra Sudeste
2025-05-16,Brado,Roubo,Alto,Ferroviário,Sudeste,71091,Aeroporto de Guarulhos (GRU)
2025-05-17,Tegma,Operacional,Baixo,Rodoviário,Sudeste,99885,Porto de Santos (SP)
2025-05-18,Mercúrio,Operacional,Médio,Rodoviário,Centro-Oeste,8589,Outra Centro-Oeste
2025-05-18,Rumo,Operacional,Alto,Ferroviário,Sudeste,318303,Porto de Santos (SP)
2025-05-18,Rumo,Operacional,Baixo,Ferroviário,Sul,20858,Outra Sul
2025-05-18,Rumo,Operacional,Alto,Ferroviário,Sudeste,17354,BR-040 (RJ-MG)
2025-05-18,Mercúrio,Acidente,Alto,Rodoviário,Sul,71610,BR-116 (PR-SC)
2025-05-18,Tegma,Operacional,Médio,Rodoviário,Sudeste,23786,Porto de Santos (SP)
2025-05-18,Mercúrio,Acidente,Alto,Rodoviário,Sudeste,70916,Porto de Santos (SP)
2025-05-18,Rumo,Operacional,Baixo,Ferroviário,Sul,8387,Outra Sul
2025-05-18,LATAM Cargo,Climático,Médio,Aéreo,Sudeste,34322,Outra Sudeste
2025-05-18,Tegma,Operacional,Baixo,Rodoviário,Sudeste,10777,Aeroporto de Guarulhos (GRU)
2025-05-18,Mercúrio,Climático,Médio,Rodoviário,Nordeste,111755,Outra Nordeste
2025-05-19,Mercúrio,Climático,Médio,Rodoviário,Norte,105567,Outra Norte
2025-05-19,Mercúrio,Climático,Baixo,Rodoviário,Sudeste,33787,Porto de Santos (SP)
2025-05-19,Mercúrio,Operacional,Baixo,Rodoviário,Nordeste,35426,Outra Nordeste
2025-05-19,Mercúrio,Climático,Baixo,Rodoviário,Sudeste,8211,BR-040 (RJ-MG)
2025-05-19,Mercúrio,Roubo,Baixo,Rodoviário,Sudeste,40859,Aeroporto de Guarulhos (GRU)
2025-05-19,Tegma,Operacional,Alto,Rodoviário,Sudeste,274767,BR-040 (RJ-MG)
2025-05-19,Mercúrio,Climático,Baixo,Rodoviário,Nordeste,19636,Outra Nordeste
2025-05-20,Mercúrio,Roubo,Médio,Rodoviário,Sudeste,56007,Outra Sudeste
2025-05-20,LATAM Cargo,Climático,Alto,Aéreo,Sudeste,59518,Porto de Santos (SP)
2025-05-20,Rumo,Roubo,Médio,Ferroviário,Sudeste,159084,BR-040 (RJ-MG)
2025-05-20,Mercúrio,Roubo,Baixo,Rodoviário,Centro-Oeste,27551,Outra Centro-Oeste
2025-05-20,Mercúrio,Climático,Baixo,Rodoviário,Sudeste,65750,BR-040 (RJ-MG)
2025-05-20,JSL,Climático,Médio,Rodoviário,Sul,29126,Outra Sul
2025-05-20,Rumo,Acidente,Médio,Ferroviário,Norte,88320,Outra Norte
2025-05-20,Brado,Roubo,Médio,Ferroviário,Sudeste,12613,Outra Sudeste
2025-05-21,JSL,Climático,Baixo,Rodoviário,Sul,13302,Outra Sul
2025-05-21,Rumo,Operacional,Médio,Ferroviário,Sul,41633,BR-116 (PR-SC)
2025-05-21,Brado,Roubo,Baixo,Ferroviário,Nordeste,11422,Outra Nordeste
2025-05-21,LATAM Cargo,Climático,Médio,Aéreo,Sudeste,60525,Outra Sudeste
2025-05-21,Tegma,Climático,Alto,Rodoviário,Sudeste,70029,Aeroporto de Guarulhos (GRU)
2025-05-22,Rumo,Operacional,Médio,Ferroviário,Centro-Oeste,30377,Outra Centro-Oeste
2025-05-22,Tegma,Operacional,Alto,Rodoviário,Sudeste,79961,BR-040 (RJ-MG)
2025-05-22,Tegma,Operacional,Alto,Rodoviário,Sul,54138,BR-116 (PR-SC)
2025-05-22,Brado,Acidente,Médio,Rodoviário,Norte,167205,Outra Norte
2025-05-22,Rumo,Operacional,Baixo,Ferroviário,Sudeste,24996,BR-040 (RJ-MG)
2025-05-22,Brado,Roubo,Baixo,Ferroviário,Nordeste,12701,Outra Nordeste
2025-05-23,Mercúrio,Acidente,Alto,Rodoviário,Sul,118769,BR-116 (PR-SC)
2025-05-23,Mercúrio,Roubo,Baixo,Rodoviário,Sudeste,19233,BR-040 (RJ-MG)
2025-05-23,Rumo,Acidente,Alto,Ferroviário,Sudeste,66672,Outra Sudeste
2025-05-23,JSL,Climático,Baixo,Rodoviário,Centro-Oeste,96358,Outra Centro-Oeste
2025-05-23,Rumo,Climático,Baixo,Ferroviário,Sudeste,14933,Porto de Santos (SP)
2025-05-23,LATAM Cargo,Acidente,Médio,Aéreo,Sudeste,66536,Aeroporto de Guarulhos (GRU)
2025-05-23,Mercúrio,Greve,Alto,Rodoviário,Nordeste,196424,Outra Nordeste
2025-05-24,Mercúrio,Climático,Baixo,Rodoviário,Centro-Oeste,8054,Outra Centro-Oeste
2025-05-24,Tegma,Operacional,Médio,Rodoviário,Sul,28247,BR-116 (PR-SC)
2025-05-24,Mercúrio,Operacional,Médio,Rodoviário,Norte,25423,Outra Norte
2025-05-24,Tegma,Operacional,Alto,Rodoviário,Sudeste,17497,Outra Sudeste
2025-05-24,Mercúrio,Roubo,Alto,Rodoviário,Sudeste,73036,Porto de Santos (SP)
2025-05-25,Mercúrio,Roubo,Baixo,Rodoviário,Sudeste,37229,Aeroporto de Guarulhos (GRU)
2025-05-25,Mercúrio,Climático,Médio,Rodoviário,Norte,12084,Outra Norte
2025-05-25,Brado,Roubo,Alto,Ferroviário,Sudeste,122118,Aeroporto de Guarulhos (GRU)
2025-05-25,JSL,Climático,Médio,Rodoviário,Sudeste,7714,Aeroporto de Guarulhos (GRU)
2025-05-25,Brado,Roubo,Médio,Rodoviário,Nordeste,12229,Outra Nordeste
2025-05-25,Tegma,Operacional,Médio,Rodoviário,Centro-Oeste,77291,Outra Centro-Oeste
2025-05-25,Mercúrio,Climático,Médio,Rodoviário,Sudeste,77214,BR-040 (RJ-MG)
2025-05-25,Rumo,Roubo,Médio,Ferroviário,Nordeste,38741,Outra Nordeste
2025-05-25,Mercúrio,Roubo,Baixo,Rodoviário,Sudeste,8266,BR-040 (RJ-MG)
2025-05-25,Mercúrio,Operacional,Médio,Rodoviário,Sudeste,8993,Porto de Santos (SP)
2025-05-26,Mercúrio,Roubo,Médio,Rodoviário,Nordeste,80734,Outra Nordeste
2025-05-26,Mercúrio,Acidente,Alto,Rodoviário,Sudeste,58985,Porto de Santos (SP)
2025-05-26,Mercúrio,Acidente,Baixo,Rodoviário,Sul,34947,Outra Sul
2025-05-26,LATAM Cargo,Climático,Baixo,Aéreo,Sudeste,74517,Porto de Santos (SP)
2025-05-26,Mercúrio,Roubo,Alto,Rodoviário,Sudeste,21327,Outra Sudeste
2025-05-26,Rumo,Operacional,Médio,Ferroviário,Sudeste,22083,Porto de Santos (SP)
2025-05-26,LATAM Cargo,Roubo,Alto,Aéreo,Sul,113397,BR-116 (PR-SC)
2025-05-26,Mercúrio,Greve,Baixo,Rodoviário,Sudeste,6754,Aeroporto de Guarulhos (GRU)
2025-05-26,Mercúrio,Roubo,Médio,Rodoviário,Sudeste,23814,Aeroporto de Guarulhos (GRU)
2025-05-27,LATAM Cargo,Climático,Baixo,Aéreo,Nordeste,40235,Outra Nordeste
2025-05-27,Rumo,Roubo,Baixo,Ferroviário,Sul,74470,Outra Sul
2025-05-27,Rumo,Operacional,Médio,Ferroviário,Centro-Oeste,101135,Outra Centro-Oeste
2025-05-27,LATAM Cargo,Roubo,Baixo,Aéreo,Sudeste,20358,Porto de Santos (SP)
2025-05-27,JSL,Climático,Alto,Rodoviário,Sul,390493,Outra Sul
2025-05-27,Brado,Climático,Baixo,Ferroviário,Sudeste,46087,Aeroporto de Guarulhos (GRU)
2025-05-28,LATAM Cargo,Roubo,Baixo,Aéreo,Sudeste,67598,Outra Sudeste
2025-05-28,JSL,Climático,Médio,Rodoviário,Sudeste,101902,BR-040 (RJ-MG)
2025-05-28,Mercúrio,Acidente,Médio,Rodoviário,Sudeste,56907,Porto de Santos (SP)
2025-05-28,JSL,Roubo,Alto,Rodoviário,Sudeste,49886,Aeroporto de Guarulhos (GRU)
2025-05-28,Mercúrio,Roubo,Alto,Rodoviário,Sudeste,27941,Aeroporto de Guarulhos (GRU)
2025-05-28,Mercúrio,Climático,Baixo,Rodoviário,Sudeste,8349,Aeroporto de Guarulhos (GRU)
2025-05-28,Brado,Roubo,Alto,Rodoviário,Norte,28984,Outra Norte
2025-05-28,Brado,Roubo,Baixo,Rodoviário,Sudeste,14267,Porto de Santos (SP)
2025-05-29,Mercúrio,Operacional,Médio,Rodoviário,Centro-Oeste,29992,Outra Centro-Oeste
2025-05-29,Rumo,Acidente,Médio,Ferroviário,Sul,27093,BR-116 (PR-SC)
2025-05-29,Mercúrio,Acidente,Médio,Rodoviário,Sudeste,58512,Porto de Santos (SP)
2025-05-29,JSL,Roubo,Médio,Rodoviário,Sudeste,21575,Aeroporto de Guarulhos (GRU)
2025-05-29,Mercúrio,Climático,Baixo,Rodoviário,Norte,9883,Outra Norte
2025-05-29,LATAM Cargo,Climático,Alto,Aéreo,Centro-Oeste,71988,Outra Centro-Oeste
2025-05-29,Mercúrio,Climático,Alto,Rodoviário,Sudeste,214430,BR-040 (RJ-MG)
2025-05-29,LATAM Cargo,Acidente,Baixo,Aéreo,Sudeste,16104,Aeroporto de Guarulhos (GRU)
2025-05-29,Mercúrio,Greve,Baixo,Rodoviário,Sudeste,15253,BR-040 (RJ-MG)
2025-05-30,Mercúrio,Climático,Alto,Rodoviário,Norte,27706,Outra Norte
2025-05-30,Mercúrio,Climático,Alto,Rodoviário,Sudeste,139328,Aeroporto de Guarulhos (GRU)
2025-05-30,Mercúrio,Operacional,Baixo,Rodoviário,Sudeste,29669,Porto de Santos (SP)
2025-05-30,LATAM Cargo,Roubo,Baixo,Aéreo,Centro-Oeste,7716,Outra Centro-Oeste
2025-05-30,Rumo,Roubo,Baixo,Ferroviário,Sudeste,16494,BR-040 (RJ-MG)
2025-05-30,Tegma,Operacional,Baixo,Rodoviário,Sudeste,73024,Porto de Santos (SP)
2025-05-30,Mercúrio,Climático,Alto,Rodoviário,Sudeste,109822,Outra Sudeste
2025-05-30,Rumo,Greve,Baixo,Ferroviário,Sudeste,29238,BR-040 (RJ-MG)
2025-05-30,Mercúrio,Operacional,Alto,Rodoviário,Sudeste,49174,Outra Sudeste
2025-05-30,Mercúrio,Operacional,Médio,Rodoviário,Nordeste,20718,Outra Nordeste
2025-05-31,Mercúrio,Climático,Médio,Rodoviário,Sudeste,34493,BR-040 (RJ-MG)
2025-05-31,Rumo,Operacional,Baixo,Ferroviário,Nordeste,30042,Outra Nordeste
2025-05-31,Rumo,Greve,Médio,Ferroviário,Sudeste,48217,Aeroporto de Guarulhos (GRU)
2025-05-31,Mercúrio,Climático,Médio,Rodoviário,Sudeste,8983,BR-040 (RJ-MG)
2025-05-31,LATAM Cargo,Greve,Baixo,Aéreo,Sudeste,11549,BR-040 (RJ-MG)
2025-05-31,Mercúrio,Climático,Baixo,Rodoviário,Sudeste,36790,Porto de Santos (SP)
2025-05-31,Mercúrio,Roubo,Alto,Rodoviário,Sudeste,452013,Aeroporto de Guarulhos (GRU)
2025-05-31,JSL,Climático,Baixo,Rodoviário,Norte,50649,Outra Norte
2025-05-31,Mercúrio,Operacional,Baixo,Rodoviário,Sudeste,54804,Porto de Santos (SP)
2025-05-31,LATAM Cargo,Operacional,Baixo,Aéreo,Sudeste,25167,BR-040 (RJ-MG)
2025-05-31,Rumo,Climático,Baixo,Ferroviário,Sudeste,6295,BR-040 (RJ-MG)
2025-06-01,Rumo,Roubo,Médio,Ferroviário,Sudeste,30586,Aeroporto de Guarulhos (GRU)
2025-06-01,Tegma,Operacional,Baixo,Rodoviário,Sudeste,17041,BR-040 (RJ-MG)
2025-06-01,LATAM Cargo,Climático,Médio,Aéreo,Sudeste,155598,Porto de Santos (SP)
2025-06-01,Mercúrio,Acidente,Médio,Rodoviário,Sul,81398,Outra Sul
2025-06-01,Mercúrio,Operacional,Médio,Rodoviário,Sudeste,42293,BR-040 (RJ-MG)
2025-06-01,Mercúrio,Climático,Baixo,Rodoviário,Sudeste,73359,Aeroporto de Guarulhos (GRU)
2025-06-01,Mercúrio,Roubo,Baixo,Rodoviário,Centro-Oeste,21210,Outra Centro-Oeste
2025-06-01,Mercúrio,Climático,Baixo,Rodoviário,Sudeste,42180,BR-040 (RJ-MG)
2025-06-01,Mercúrio,Operacional,Baixo,Rodoviário,Sul,20847,BR-116 (PR-SC)
2025-06-01,JSL,Climático,Alto,Rodoviário,Sudeste,182383,BR-040 (RJ-MG)
2025-06-01,Mercúrio,Climático,Médio,Rodoviário,Nordeste,43759,Outra Nordeste
2025-06-01,Tegma,Roubo,Alto,Rodoviário,Sudeste,20678,Porto de Santos (SP)
2025-06-01,LATAM Cargo,Acidente,Baixo,Aéreo,Sudeste,66504,BR-040 (RJ-MG)
2025-06-02,Mercúrio,Operacional,Médio,Rodoviário,Sudeste,179222,BR-040 (RJ-MG)
2025-06-02,Mercúrio,Climático,Baixo,Rodoviário,Nordeste,40112,Outra Nordeste
2025-06-02,Rumo,Roubo,Médio,Ferroviário,Sudeste,123621,BR-040 (RJ-MG)
2025-06-02,Brado,Operacional,Médio,Ferroviário,Sudeste,11489,Outra Sudeste
2025-06-02,Rumo,Roubo,Médio,Ferroviário,Sudeste,32503,BR-040 (RJ-MG)
2025-06-02,Mercúrio,Operacional,Alto,Rodoviário,Sul,30901,Outra Sul
2025-06-02,Rumo,Roubo,Alto,Ferroviário,Sudeste,15689,BR-040 (RJ-MG)
2025-06-02,Mercúrio,Climático,Médio,Rodoviário,Sul,77091,Outra Sul
2025-06-02,Brado,Roubo,Médio,Ferroviário,Sudeste,94691,BR-040 (RJ-MG)
2025-06-02,Rumo,Roubo,Médio,Ferroviário,Sul,50814,Outra Sul
2025-06-02,Rumo,Operacional,Médio,Ferroviário,Sudeste,115063,BR-040 (RJ-MG)
2025-06-03,Rumo,Acidente,Baixo,Ferroviário,Centro-Oeste,13655,Outra Centro-Oeste
2025-06-03,Mercúrio,Acidente,Médio,Rodoviário,Sudeste,46260,Porto de Santos (SP)
2025-06-03,LATAM Cargo,Climático,Médio,Aéreo,Sudeste,25192,Porto de Santos (SP)
2025-06-03,Mercúrio,Roubo,Médio,Rodoviário,Sudeste,106167,Porto de Santos (SP)
2025-06-03,JSL,Acidente,Baixo,Rodoviário,Sudeste,47885,Porto de Santos (SP)
2025-06-03,Brado,Roubo,Médio,Rodoviário,Nordeste,42994,Outra Nordeste
2025-06-03,JSL,Climático,Baixo,Rodoviário,Sudeste,31223,Aeroporto de Guarulhos (GRU)
2025-06-03,Rumo,Roubo,Médio,Ferroviário,Sudeste,30946,Outra Sudeste
2025-06-03,LATAM Cargo,Greve,Baixo,Aéreo,Nordeste,121713,Outra Nordeste
2025-06-04,Mercúrio,Roubo,Baixo,Rodoviário,Sudeste,53435,BR-040 (RJ-MG)
2025-06-04,Tegma,Operacional,Alto,Rodoviário,Sudeste,18522,Porto de Santos (SP)
2025-06-04,Mercúrio,Roubo,Baixo,Rodoviário,Sudeste,9875,Outra Sudeste
2025-06-04,Mercúrio,Climático,Alto,Rodoviário,Nordeste,54040,Outra Nordeste
2025-06-04,Brado,Greve,Baixo,Ferroviário,Sudeste,44735,BR-040 (RJ-MG)
2025-06-04,Rumo,Acidente,Alto,Ferroviário,Sudeste,26460,Outra Sudeste
2025-06-04,Mercúrio,Climático,Baixo,Rodoviário,Sudeste,9089,BR-040 (RJ-MG)
2025-06-04,Mercúrio,Climático,Baixo,Rodoviário,Sudeste,18844,Outra Sudeste
2025-06-04,Brado,Roubo,Médio,Ferroviário,Sul,48337,BR-116 (PR-SC)
2025-06-04,JSL,Climático,Baixo,Rodoviário,Sudeste,10182,Porto de Santos (SP)
2025-06-04,Rumo,Roubo,Baixo,Ferroviário,Nordeste,36509,Outra Nordeste
2025-06-04,Rumo,Climático,Baixo,Ferroviário,Nordeste,56064,Outra Nordeste
2025-06-05,Rumo,Climático,Médio,Ferroviário,Sudeste,70453,Aeroporto de Guarulhos (GRU)
2025-06-05,Tegma,Operacional,Médio,Rodoviário,Centro-Oeste,92344,Outra Centro-Oeste
2025-06-05,Mercúrio,Roubo,Baixo,Rodoviário,Sudeste,13589,Outra Sudeste
2025-06-05,Brado,Roubo,Baixo,Ferroviário,Nordeste,20215,Outra Nordeste
2025-06-05,Rumo,Operacional,Médio,Ferroviário,Sudeste,19003,Aeroporto de Guarulhos (GRU)
2025-06-05,Mercúrio,Operacional,Médio,Rodoviário,Sudeste,71249,Porto de Santos (SP)
2025-06-05,Mercúrio,Climático,Baixo,Rodoviário,Sudeste,106833,Aeroporto de Guarulhos (GRU)
2025-06-05,LATAM Cargo,Climático,Alto,Aéreo,Centro-Oeste,75387,Outra Centro-Oeste
2025-06-05,Rumo,Operacional,Médio,Ferroviário,Sudeste,15790,Aeroporto de Guarulhos (GRU)
2025-06-05,Mercúrio,Operacional,Baixo,Rodoviário,Sul,102240,Outra Sul
2025-06-05,Tegma,Operacional,Alto,Rodoviário,Nordeste,34842,Outra Nordeste
2025-06-05,Tegma,Operacional,Alto,Rodoviário,Centro-Oeste,83982,Outra Centro-Oeste
2025-06-05,JSL,Climático,Médio,Rodoviário,Sudeste,150096,Outra Sudeste
